pdb	virus	record_id
rhinovirus_C4_CF-AET72469.1.1.5_10782_relaxed.pdb	rhinovirus C4	AET72469.1.1.5
torque_teno_virus_9_CF-ABD34308.1_12562_relaxed.pdb	torque teno virus 9	ABD34308.1
molluscum_contagiosum_virus_EF-AAC55287.1_12002_relaxed.pdb	molluscum contagiosum virus	AAC55287.1
Sudan_virus_CF-AAU43890.1.1.1_8653_relaxed.pdb	Sudan virus	AAU43890.1.1.1
molluscum_contagiosum_virus_EF-AAC55269.1_12002_relaxed.pdb	molluscum contagiosum virus	AAC55269.1
human_papillomavirus_2_CF-AKP16339.1_4720_relaxed.pdb	human papillomavirus 2	AKP16339.1
cardiovirus_D1;_Saffold_virus_1_CF-ABP68884.2.5_10370_relaxed.pdb	cardiovirus D1; Saffold virus 1	ABP68884.2.5
human_polyomavirus_6_CF-ADE45434.1_4467_relaxed.pdb	human polyomavirus 6	ADE45434.1
Alenquer_virus_CF-AEA30054.1.1.2_9767_relaxed.pdb	Alenquer virus	AEA30054.1.1.2
louping_ill_virus_CF-BAA02313.1_7178_relaxed.pdb	louping ill virus	BAA02313.1
cardiovirus_A1;_encephalomyocarditis_virus_1_CF-AAA43037.1.1_10358_relaxed.pdb	cardiovirus A1; encephalomyocarditis virus 1	AAA43037.1.1
human_adenovirus_3_CF-AFK92678.1_12205_relaxed.pdb	human adenovirus 3	AFK92678.1
cowpox_virus_CF-ADC53991.1_12020_relaxed.pdb	cowpox virus	ADC53991.1
human_gammaherpesvirus_4;_Epstein-Barr_virus_CF-CAD53400.1_127_relaxed.pdb	human gammaherpesvirus 4; Epstein-Barr virus	CAD53400.1
human_papillomavirus_9_EF-CAF05711.1_4516_relaxed.pdb	human papillomavirus 9	CAF05711.1
mamastrovirus_1_CF-ACN88709.1_11461_relaxed.pdb	mamastrovirus 1	ACN88709.1
orf_virus_CF-AAR98301.1_12019_relaxed.pdb	orf virus	AAR98301.1
Sindbis_virus_CF-AAA96972.1.1.1_6773_relaxed.pdb	Sindbis virus	AAA96972.1.1.1
human_alphaherpesvirus_3;_varicella-zoster_virus_CF-CAA27905.1.1.1_93_relaxed.pdb	human alphaherpesvirus 3; varicella-zoster virus	CAA27905.1.1.1
human_alphaherpesvirus_3;_varicella-zoster_virus_CF-CAA27950.1_93_relaxed.pdb	human alphaherpesvirus 3; varicella-zoster virus	CAA27950.1
human_adenovirus_4_CF-AFK92812.1_12209_relaxed.pdb	human adenovirus 4	AFK92812.1
cercopithecine_betaherpesvirus_5;_simian_cytomegalovirus_CF-AEV80413.1_99_relaxed.pdb	cercopithecine betaherpesvirus 5; simian cytomegalovirus	AEV80413.1
torque_teno_virus_15_CF-BAA94876.1_12547_relaxed.pdb	torque teno virus 15	BAA94876.1
human_adenovirus_54_CF-BAH84804.1_12216_relaxed.pdb	human adenovirus 54	BAH84804.1
human_adenovirus_4_CF-AAS66924.1_12218_relaxed.pdb	human adenovirus 4	AAS66924.1
human_coronavirus_229E_CF-AAG48591.1.1.9_10159_relaxed.pdb	human coronavirus 229E	AAG48591.1.1.9
yaba-like_disease_virus_CF-CAC21297.1_12027_relaxed.pdb	yaba-like disease virus	CAC21297.1
influenza_A_virus_CF-CAA24283.1_9914_relaxed.pdb	influenza A virus	CAA24283.1
human_betaherpesvirus_6A;_human_herpesvirus_6A_CF-CAA58416.1_118_relaxed.pdb	human betaherpesvirus 6A; human herpesvirus 6A	CAA58416.1
coxsackievirus_B1_CF-AAC00531.1.4_10493_relaxed.pdb	coxsackievirus B1	AAC00531.1.4
Akhmeta_virus_CF-AXN74839.1_12005_relaxed.pdb	Akhmeta virus	AXN74839.1
Middle_East_respiratory_syndrome-related_coronavirus_CF-AFS88944.1.1.23_10187_relaxed.pdb	Middle East respiratory syndrome-related coronavirus	AFS88944.1.1.23
torque_teno_virus_CF-ABV25033.1_12556_relaxed.pdb	torque teno virus	ABV25033.1
TTV-like_mini_virus_CF-AGG91490.1_12573_relaxed.pdb	TTV-like mini virus	AGG91490.1
severe_acute_respiratory_syndrome_coronavirus_CF-QHD43422.1_10195_relaxed.pdb	severe acute respiratory syndrome coronavirus	QHD43422.1
human_adenovirus_54_CF-BAH84811.1_12216_relaxed.pdb	human adenovirus 54	BAH84811.1
yaba-like_disease_virus_CF-CAC21274.1_12027_relaxed.pdb	yaba-like disease virus	CAC21274.1
Akhmeta_virus_CF-AXN74880.1_12005_relaxed.pdb	Akhmeta virus	AXN74880.1
human_papillomavirus_1_EF-CCJ27718.1_4596_relaxed.pdb	human papillomavirus 1	CCJ27718.1
molluscum_contagiosum_virus_CF-AAC55171.1_12002_relaxed.pdb	molluscum contagiosum virus	AAC55171.1
torque_teno_virus_CF-ATX61877.1_12680_relaxed.pdb	torque teno virus	ATX61877.1
human_coronavirus_229E_CF-AFR79256.1.1.3_10160_relaxed.pdb	human coronavirus 229E	AFR79256.1.1.3
rhinovirus_A1_CF-ACT89355.1.1.4_10705_relaxed.pdb	rhinovirus A1	ACT89355.1.1.4
human_adenovirus_2_CF-AFK92432.1_12196_relaxed.pdb	human adenovirus 2	AFK92432.1
severe_acute_respiratory_syndrome_coronavirus_CF-QHD43415.1.1.36_10195_relaxed.pdb	severe acute respiratory syndrome coronavirus	QHD43415.1.1.36
torque_teno_mini_virus_18_CF-ANH58874.1_12588_relaxed.pdb	torque teno mini virus 18	ANH58874.1
human_adenovirus_4_CF-AAS66919.1_12218_relaxed.pdb	human adenovirus 4	AAS66919.1
Akhmeta_virus_CF-AXN74822.1_12005_relaxed.pdb	Akhmeta virus	AXN74822.1
titi_monkey_adenovirus_1_CF-AEK98453.1_12254_relaxed.pdb	titi monkey adenovirus 1	AEK98453.1
human_adenovirus_3_CF-AFK92639.1_12204_relaxed.pdb	human adenovirus 3	AFK92639.1
human_adenovirus_4_EF-AFK92543.1_12211_relaxed.pdb	human adenovirus 4	AFK92543.1
torque_teno_mini_virus_1_CF-ANH58873.1_12588_relaxed.pdb	torque teno mini virus 1	ANH58873.1
human_papillomavirus_5_CF-CAA54850.1_4553_relaxed.pdb	human papillomavirus 5	CAA54850.1
human_papillomavirus_9_CF-AAO15013.1_4610_relaxed.pdb	human papillomavirus 9	AAO15013.1
Tataguine_virus_CF-AKO90164.1.1.2_9657_relaxed.pdb	Tataguine virus	AKO90164.1.1.2
cowpox_virus_CF-AAM13469.1_12007_relaxed.pdb	cowpox virus	AAM13469.1
Yaba_monkey_tumor_virus_CF-AAR07404.1_12029_relaxed.pdb	Yaba monkey tumor virus	AAR07404.1
human_adenovirus_3_CF-AFK92602.1_12204_relaxed.pdb	human adenovirus 3	AFK92602.1
cowpox_virus_CF-AAP41053.1_12007_relaxed.pdb	cowpox virus	AAP41053.1
Orungo_virus_CF-AFX73389.1_6440_relaxed.pdb	Orungo virus	AFX73389.1
coxsackievirus_A2_EF-AAQ02684.1.8_10569_relaxed.pdb	coxsackievirus A2	AAQ02684.1.8
Alenquer_virus_CF-AEA30042.1_9767_relaxed.pdb	Alenquer virus	AEA30042.1
Akhmeta_virus_CF-AXN74899.1_12005_relaxed.pdb	Akhmeta virus	AXN74899.1
severe_acute_respiratory_syndrome_coronavirus_CF-QHD43415.1.1.27_10195_relaxed.pdb	severe acute respiratory syndrome coronavirus	QHD43415.1.1.27
cercopithecine_betaherpesvirus_5;_simian_cytomegalovirus_EF-AEV80494.1_99_relaxed.pdb	cercopithecine betaherpesvirus 5; simian cytomegalovirus	AEV80494.1
torque_teno_mini_virus_9_CF-BAA93594.1_12600_relaxed.pdb	torque teno mini virus 9	BAA93594.1
human_papillomavirus_1_CF-AAZ39489.1_4734_relaxed.pdb	human papillomavirus 1	AAZ39489.1
rhinovirus_C4_CF-AUG72355.1.1.7_10787_relaxed.pdb	rhinovirus C4	AUG72355.1.1.7
orf_virus_CF-AAR98294.1_12019_relaxed.pdb	orf virus	AAR98294.1
monkeypox_virus_CF-AAL40468.1_12009_relaxed.pdb	monkeypox virus	AAL40468.1
papiine_alphaherpesvirus_2;_herpesvirus_papio_2_CF-ABA29316.1_73_relaxed.pdb	papiine alphaherpesvirus 2; herpesvirus papio 2	ABA29316.1
variola_virus_CF-CAA49091.1_12014_relaxed.pdb	variola virus	CAA49091.1
Guaroa_virus_CF-AKC42517.1_9550_relaxed.pdb	Guaroa virus	AKC42517.1
human_adenovirus_54_CF-BAH84807.1_12216_relaxed.pdb	human adenovirus 54	BAH84807.1
human_papillomavirus_1_CF-ANG08957.1_4728_relaxed.pdb	human papillomavirus 1	ANG08957.1
human_gammaherpesvirus_4;_Epstein-Barr_virus_CF-CAD53438.2_127_relaxed.pdb	human gammaherpesvirus 4; Epstein-Barr virus	CAD53438.2
o'nyong-nyong_virus_CF-AAC97205.1.1_6762_relaxed.pdb	o'nyong-nyong virus	AAC97205.1.1
human_adenovirus_4_CF-AFK92529.1_12211_relaxed.pdb	human adenovirus 4	AFK92529.1
human_gammaherpesvirus_8;_Kaposi's_sarcoma-associated_herpesvirus_EF-ABD28909.1_158_relaxed.pdb	human gammaherpesvirus 8; Kaposi's sarcoma-associated herpesvirus	ABD28909.1
human_adenovirus_12_CF-CAA51901.1_12147_relaxed.pdb	human adenovirus 12	CAA51901.1
human_adenovirus_4_CF-AFK92798.1_12208_relaxed.pdb	human adenovirus 4	AFK92798.1
monkeypox_virus_CF-AAL40483.1_12009_relaxed.pdb	monkeypox virus	AAL40483.1
rhinovirus_A1_CF-ABF51192.1.10_10639_relaxed.pdb	rhinovirus A1	ABF51192.1.10
human_adenovirus_4_CF-AAX70961.1_12210_relaxed.pdb	human adenovirus 4	AAX70961.1
human_coronavirus_NL63_CF-AAS58176.2.1.2_10175_relaxed.pdb	human coronavirus NL63	AAS58176.2.1.2
Akhmeta_virus_CF-AXN74796.1_12005_relaxed.pdb	Akhmeta virus	AXN74796.1
macacine_alphaherpesvirus_3;_pig-tailed_macaque_herpesvirus_1_CF-ARS01790.1_68_relaxed.pdb	macacine alphaherpesvirus 3; pig-tailed macaque herpesvirus 1	ARS01790.1
human_betaherpesvirus_5;_human_cytomegalovirus_CF-AAR31606.1_100_relaxed.pdb	human betaherpesvirus 5; human cytomegalovirus	AAR31606.1
poliovirus_1_CF-CAA24465.1.9_10557_relaxed.pdb	poliovirus 1	CAA24465.1.9
papiine_alphaherpesvirus_2;_herpesvirus_papio_2_CF-ABA29271.1_73_relaxed.pdb	papiine alphaherpesvirus 2; herpesvirus papio 2	ABA29271.1
rubella_virus_CF-AAA88529.1_6592_relaxed.pdb	rubella virus	AAA88529.1
poliovirus_1_CF-CAA24465.1.6_10557_relaxed.pdb	poliovirus 1	CAA24465.1.6
molluscum_contagiosum_virus_CF-AAC55251.1_12002_relaxed.pdb	molluscum contagiosum virus	AAC55251.1
human_papillomavirus_10_EF-ABN79871.1_4587_relaxed.pdb	human papillomavirus 10	ABN79871.1
coxsackievirus_A16_CF-AAA50478.1.1.3_10477_relaxed.pdb	coxsackievirus A16	AAA50478.1.1.3
human_betaherpesvirus_5;_human_cytomegalovirus_EF-AAR31716.1_100_relaxed.pdb	human betaherpesvirus 5; human cytomegalovirus	AAR31716.1
Kokobera_virus_CF-AAV34157.1.1.3_7170_relaxed.pdb	Kokobera virus	AAV34157.1.1.3
molluscum_contagiosum_virus_CF-AAC55148.1_12002_relaxed.pdb	molluscum contagiosum virus	AAC55148.1
rhinovirus_C4_CF-AET72467.1.6_10785_relaxed.pdb	rhinovirus C4	AET72467.1.6
vaccinia_virus_CF-AAO89378.1_12013_relaxed.pdb	vaccinia virus	AAO89378.1
human_betaherpesvirus_6A;_human_herpesvirus_6A_CF-CAA58375.1_118_relaxed.pdb	human betaherpesvirus 6A; human herpesvirus 6A	CAA58375.1
rhinovirus_C1_CF-ACZ67658.1.1.3_10757_relaxed.pdb	rhinovirus C1	ACZ67658.1.1.3
human_smacovirus_1_CF-AJF23059.1_5210_relaxed.pdb	human smacovirus 1	AJF23059.1
human_papillomavirus_1_CF-ADR77934.1_4750_relaxed.pdb	human papillomavirus 1	ADR77934.1
rhinovirus_A1_CF-AEP69150.1.3_10708_relaxed.pdb	rhinovirus A1	AEP69150.1.3
human_adenovirus_4_CF-AFK92722.1_12207_relaxed.pdb	human adenovirus 4	AFK92722.1
Tonate_virus;_Venezuelan_equine_encephalitis_virus_IIIB_CF-AAD14557.1.5_6778_relaxed.pdb	Tonate virus; Venezuelan equine encephalitis virus IIIB	AAD14557.1.5
aichivirus_B1;_bovine_kobuvirus_CF-BAC23066.1.2_10862_relaxed.pdb	aichivirus B1; bovine kobuvirus	BAC23066.1.2
molluscum_contagiosum_virus_CF-AAC55139.1_12002_relaxed.pdb	molluscum contagiosum virus	AAC55139.1
human_adenovirus_9_CF-CAI05978.1_12183_relaxed.pdb	human adenovirus 9	CAI05978.1
human_adenovirus_4_CF-AFK92545.1_12211_relaxed.pdb	human adenovirus 4	AFK92545.1
human_papillomavirus_18_CF-AGC93439.1_4691_relaxed.pdb	human papillomavirus 18	AGC93439.1
human_betaherpesvirus_5;_human_cytomegalovirus_CF-AAR31657.1_100_relaxed.pdb	human betaherpesvirus 5; human cytomegalovirus	AAR31657.1
human_adenovirus_3_CF-AFK92591.1_12201_relaxed.pdb	human adenovirus 3	AFK92591.1
human_adenovirus_2_CF-AAA92205.1_12171_relaxed.pdb	human adenovirus 2	AAA92205.1
Yaba_monkey_tumor_virus_CF-AAR07378.1_12029_relaxed.pdb	Yaba monkey tumor virus	AAR07378.1
human_adenovirus_2_CF-AFK92377.1_12194_relaxed.pdb	human adenovirus 2	AFK92377.1
molluscum_contagiosum_virus_CF-AAC55236.1_12002_relaxed.pdb	molluscum contagiosum virus	AAC55236.1
torque_teno_virus_CF-AAK11700.1_12559_relaxed.pdb	torque teno virus	AAK11700.1
Menangle_virus_CF-AFY09790.1_8858_relaxed.pdb	Menangle virus	AFY09790.1
Sindbis_virus_CF-AAC83379.1.3_6775_relaxed.pdb	Sindbis virus	AAC83379.1.3
human_papillomavirus_6_CF-AAA79489.1_4731_relaxed.pdb	human papillomavirus 6	AAA79489.1
Tonate_virus;_Venezuelan_equine_encephalitis_virus_IIIB_CF-AAD14556.1.1_6778_relaxed.pdb	Tonate virus; Venezuelan equine encephalitis virus IIIB	AAD14556.1.1
human_adenovirus_4_CF-AFK92729.1_12207_relaxed.pdb	human adenovirus 4	AFK92729.1
human_betaherpesvirus_5;_human_cytomegalovirus_EF-AAR31576.1_100_relaxed.pdb	human betaherpesvirus 5; human cytomegalovirus	AAR31576.1
human_papillomavirus_1_CF-AGC93436.1_4691_relaxed.pdb	human papillomavirus 1	AGC93436.1
torque_teno_mini_virus_6_CF-BAA86946.1_12597_relaxed.pdb	torque teno mini virus 6	BAA86946.1
human_papillomavirus_5_CF-AAA79472.1_4730_relaxed.pdb	human papillomavirus 5	AAA79472.1
human_adenovirus_12_CF-CAA51879.1_12147_relaxed.pdb	human adenovirus 12	CAA51879.1
human_papillomavirus_34_CF-CAA52556.1_4495_relaxed.pdb	human papillomavirus 34	CAA52556.1
torque_teno_virus_CF-AHN50432.1_12557_relaxed.pdb	torque teno virus	AHN50432.1
human_papillomavirus_1_CF-ADQ85964.1_4702_relaxed.pdb	human papillomavirus 1	ADQ85964.1
human_adenovirus_3_CF-AEY79589.1_12199_relaxed.pdb	human adenovirus 3	AEY79589.1
hepatitis_C_virus_genotype_3a_CF-BAA04609.1.4_7118_relaxed.pdb	hepatitis C virus genotype 3a	BAA04609.1.4
human_papillomavirus_172_CF-AHC00350.1_4723_relaxed.pdb	human papillomavirus 172	AHC00350.1
human_alphaherpesvirus_3;_varicella-zoster_virus_CF-CAH19069.1_93_relaxed.pdb	human alphaherpesvirus 3; varicella-zoster virus	CAH19069.1
human_gammaherpesvirus_8;_Kaposi's_sarcoma-associated_herpesvirus_CF-AAD46497.1_158_relaxed.pdb	human gammaherpesvirus 8; Kaposi's sarcoma-associated herpesvirus	AAD46497.1
rhinovirus_C1_CF-ACZ67658.1.1.10_10757_relaxed.pdb	rhinovirus C1	ACZ67658.1.1.10
louping_ill_virus_CF-CAA69190.1.1.11_7177_relaxed.pdb	louping ill virus	CAA69190.1.1.11
human_alphaherpesvirus_3;_varicella-zoster_virus_CF-CAA27886.1_93_relaxed.pdb	human alphaherpesvirus 3; varicella-zoster virus	CAA27886.1
human_betaherpesvirus_6A;_human_herpesvirus_6A_CF-SPC53501.1_118_relaxed.pdb	human betaherpesvirus 6A; human herpesvirus 6A	SPC53501.1
variola_virus_CF-CAA49072.1_12014_relaxed.pdb	variola virus	CAA49072.1
human_coronavirus_229E_CF-AAG48591.1.1.8_10159_relaxed.pdb	human coronavirus 229E	AAG48591.1.1.8
human_papillomavirus_2_CF-AAA79433.1_4521_relaxed.pdb	human papillomavirus 2	AAA79433.1
torque_teno_virus_CF-ABV25035.1_12556_relaxed.pdb	torque teno virus	ABV25035.1
papiine_alphaherpesvirus_2;_herpesvirus_papio_2_CF-ABA29269.1_73_relaxed.pdb	papiine alphaherpesvirus 2; herpesvirus papio 2	ABA29269.1
molluscum_contagiosum_virus_CF-AAC55163.1.1.1_12002_relaxed.pdb	molluscum contagiosum virus	AAC55163.1.1.1
rhinovirus_A1_CF-ACK37372.1.1.5_10642_relaxed.pdb	rhinovirus A1	ACK37372.1.1.5
molluscum_contagiosum_virus_CF-AAC55267.1_12002_relaxed.pdb	molluscum contagiosum virus	AAC55267.1
human_papillomavirus_5_CF-AAA79471.1_4730_relaxed.pdb	human papillomavirus 5	AAA79471.1
human_papillomavirus_50_CF-AAA79471.1_4730_relaxed.pdb	human papillomavirus 50	AAA79471.1
human_adenovirus_2_CF-AAW33370.1_12156_relaxed.pdb	human adenovirus 2	AAW33370.1
bat_adenovirus_4_CF-AMB43075.1_12126_relaxed.pdb	bat adenovirus 4	AMB43075.1
human_adenovirus_3_CF-CAO78633.1_12149_relaxed.pdb	human adenovirus 3	CAO78633.1
cowpox_virus_CF-AAM13611.1_12007_relaxed.pdb	cowpox virus	AAM13611.1
Potiskum_virus_CF-ABI54483.1.1.12_7199_relaxed.pdb	Potiskum virus	ABI54483.1.1.12
human_papillomavirus_6_CF-AAA79500.1_4543_relaxed.pdb	human papillomavirus 6	AAA79500.1
cowpox_virus_CF-AAM13599.1_12007_relaxed.pdb	cowpox virus	AAM13599.1
WU_polyomavirus_CF-ABQ09290.1_4445_relaxed.pdb	WU polyomavirus	ABQ09290.1
human_papillomavirus_5_CF-AAA46988.1_4565_relaxed.pdb	human papillomavirus 5	AAA46988.1
Maldonado_virus_CF-AEA30043.1_9803_relaxed.pdb	Maldonado virus	AEA30043.1
Mundri_virus_CF-UJY53556.1.1.1_9057_relaxed.pdb	Mundri virus	UJY53556.1.1.1
human_coronavirus_NL63_CF-AAS58176.2.1.9_10175_relaxed.pdb	human coronavirus NL63	AAS58176.2.1.9
rhinovirus_C1_CF-ABQ16587.1.1.10_10743_relaxed.pdb	rhinovirus C1	ABQ16587.1.1.10
human_adenovirus_4_CF-ABD52387.1_12213_relaxed.pdb	human adenovirus 4	ABD52387.1
human_adenovirus_3_CF-ABK59087.1_12203_relaxed.pdb	human adenovirus 3	ABK59087.1
human_betaherpesvirus_5;_human_cytomegalovirus_CF-AAR31725.1_100_relaxed.pdb	human betaherpesvirus 5; human cytomegalovirus	AAR31725.1
St._Louis_encephalitis_virus_CF-ABG37975.1.1.1_7176_relaxed.pdb	St. Louis encephalitis virus	ABG37975.1.1.1
Kadam_virus_CF-ABB90670.1.1.8_7168_relaxed.pdb	Kadam virus	ABB90670.1.1.8
human_alphaherpesvirus_3;_varicella-zoster_virus_CF-CAA27953.1_93_relaxed.pdb	human alphaherpesvirus 3; varicella-zoster virus	CAA27953.1
Modoc_virus_CF-CAC82912.1.1.8_7184_relaxed.pdb	Modoc virus	CAC82912.1.1.8
human_betaherpesvirus_6A;_human_herpesvirus_6A_CF-CAA58340.2_118_relaxed.pdb	human betaherpesvirus 6A; human herpesvirus 6A	CAA58340.2
Dhori_virus_CF-ADF56025.1_9929_relaxed.pdb	Dhori virus	ADF56025.1
monkeypox_virus_CF-AAL40548.1_12009_relaxed.pdb	monkeypox virus	AAL40548.1
Akhmeta_virus_CF-AXN74916.1_12005_relaxed.pdb	Akhmeta virus	AXN74916.1
human_papillomavirus_1_CF-CCV02863.1_4597_relaxed.pdb	human papillomavirus 1	CCV02863.1
variola_virus_CF-CAA49136.1_12014_relaxed.pdb	variola virus	CAA49136.1
human_betaherpesvirus_6B;_human_herpesvirus_6B_CF-AAD49682.1_119_relaxed.pdb	human betaherpesvirus 6B; human herpesvirus 6B	AAD49682.1
human_betaherpesvirus_5;_human_cytomegalovirus_CF-AAR31563.1_100_relaxed.pdb	human betaherpesvirus 5; human cytomegalovirus	AAR31563.1
torque_teno_virus_1_CF-AHN14858.1_12658_relaxed.pdb	torque teno virus 1	AHN14858.1
human_coronavirus_HKU1_CF-AAT98578.1.1.14_10182_relaxed.pdb	human coronavirus HKU1	AAT98578.1.1.14
human_papillomavirus_6_CF-BAA66114.1_4559_relaxed.pdb	human papillomavirus 6	BAA66114.1
cowpox_virus_CF-AAM13618.1_12007_relaxed.pdb	cowpox virus	AAM13618.1
human_adenovirus_4_CF-AFK92719.1_12206_relaxed.pdb	human adenovirus 4	AFK92719.1
Lebombo_virus_CF-AFX73381.1_6439_relaxed.pdb	Lebombo virus	AFX73381.1
coxsackievirus_B3_CF-AAB59927.1.1.3_10492_relaxed.pdb	coxsackievirus B3	AAB59927.1.1.3
coxsackievirus_B1_CF-AAC00531.1.1.9_10493_relaxed.pdb	coxsackievirus B1	AAC00531.1.1.9
hepatitis_C_virus_genotype_7a_CF-ABN05226.1.1.12_7124_relaxed.pdb	hepatitis C virus genotype 7a	ABN05226.1.1.12
human_papillomavirus_144_CF-AEM24659.1_4714_relaxed.pdb	human papillomavirus 144	AEM24659.1
equine_arteritis_virus_CF-CAA37543.1_10126_relaxed.pdb	equine arteritis virus	CAA37543.1
Japanese_encephalitis_virus_CF-AAA81554.1.1.4_7165_relaxed.pdb	Japanese encephalitis virus	AAA81554.1.1.4
human_betaherpesvirus_6B;_human_herpesvirus_6B_CF-AAD49655.1_119_relaxed.pdb	human betaherpesvirus 6B; human herpesvirus 6B	AAD49655.1
influenza_A_virus_CF-CAA23855.1_9914_relaxed.pdb	influenza A virus	CAA23855.1
human_adenovirus_2_CF-AAW33343.1_12156_relaxed.pdb	human adenovirus 2	AAW33343.1
cercopithecine_betaherpesvirus_5;_simian_cytomegalovirus_CF-AEV80384.1_99_relaxed.pdb	cercopithecine betaherpesvirus 5; simian cytomegalovirus	AEV80384.1
human_immunodeficiency_virus_1_CF-AAC82597.1_11768_relaxed.pdb	human immunodeficiency virus 1	AAC82597.1
titi_monkey_adenovirus_1_CF-AEK98447.1_12254_relaxed.pdb	titi monkey adenovirus 1	AEK98447.1
human_papillomavirus_2_CF-AKG54929.1_4769_relaxed.pdb	human papillomavirus 2	AKG54929.1
human_adenovirus_9_CF-CAI05973.1_12183_relaxed.pdb	human adenovirus 9	CAI05973.1
human_gammaherpesvirus_8;_Kaposi's_sarcoma-associated_herpesvirus_CF-ABD28922.1_158_relaxed.pdb	human gammaherpesvirus 8; Kaposi's sarcoma-associated herpesvirus	ABD28922.1
rabies_virus_CF-AEM64036.1_96_relaxed.pdb	rabies virus	AEM64036.1
human_pegivirus_genotype_2_CF-AAO42519.1.1.2_7222_relaxed.pdb	human pegivirus genotype 2	AAO42519.1.1.2
cowpox_virus_CF-AAM13505.1_12007_relaxed.pdb	cowpox virus	AAM13505.1
Potiskum_virus_CF-ABI54483.1.1.3_7199_relaxed.pdb	Potiskum virus	ABI54483.1.1.3
human_betaherpesvirus_7;_human_herpesvirus_7_CF-AAC40744.1_120_relaxed.pdb	human betaherpesvirus 7; human herpesvirus 7	AAC40744.1
human_coronavirus_229E_CF-AFR79255.1.1.31_10160_relaxed.pdb	human coronavirus 229E	AFR79255.1.1.31
Isfahan_virus_CF-CAH17546.1_9073_relaxed.pdb	Isfahan virus	CAH17546.1
human_coronavirus_229E_CF-AFR79258.1_10160_relaxed.pdb	human coronavirus 229E	AFR79258.1
human_papillomavirus_10_CF-CAW42268.1_4570_relaxed.pdb	human papillomavirus 10	CAW42268.1
human_papillomavirus_7_CF-CAA63878.1_4534_relaxed.pdb	human papillomavirus 7	CAA63878.1
rhinovirus_A1_CF-AEP69155.1.4_10709_relaxed.pdb	rhinovirus A1	AEP69155.1.4
human_gammaherpesvirus_8;_Kaposi's_sarcoma-associated_herpesvirus_CF-ABD28895.1_158_relaxed.pdb	human gammaherpesvirus 8; Kaposi's sarcoma-associated herpesvirus	ABD28895.1
rhinovirus_B14_CF-AAA45756.1.3_10717_relaxed.pdb	rhinovirus B14	AAA45756.1.3
human_adenovirus_2_CF-AFK92460.1_12198_relaxed.pdb	human adenovirus 2	AFK92460.1
adeno-associated_virus_2_CF-AAC03778.1_4964_relaxed.pdb	adeno-associated virus 2	AAC03778.1
rotavirus_B_CF-AAQ18657.1_6454_relaxed.pdb	rotavirus B	AAQ18657.1
vaccinia_virus_CF-AAO89489.1_12013_relaxed.pdb	vaccinia virus	AAO89489.1
cosavirus_E1_CF-ACL99815.1.8_10413_relaxed.pdb	cosavirus E1	ACL99815.1.8
human_adenovirus_2_CF-ACQ91147.1_12197_relaxed.pdb	human adenovirus 2	ACQ91147.1
adeno-associated_virus_2_CF-AAC03774.1_4964_relaxed.pdb	adeno-associated virus 2	AAC03774.1
human_papillomavirus_30_CF-CAA52547.1_4542_relaxed.pdb	human papillomavirus 30	CAA52547.1
human_papillomavirus_1_CF-AET11872.1_4708_relaxed.pdb	human papillomavirus 1	AET11872.1
human_alphaherpesvirus_2;_herpes_simplex_virus_type_2_CF-AEV91405.1_64_relaxed.pdb	human alphaherpesvirus 2; herpes simplex virus type 2	AEV91405.1
human_alphaherpesvirus_2;_herpes_simplex_virus_type_2_CF-AEV91380.1_64_relaxed.pdb	human alphaherpesvirus 2; herpes simplex virus type 2	AEV91380.1
molluscum_contagiosum_virus_CF-AAC55177.1_12002_relaxed.pdb	molluscum contagiosum virus	AAC55177.1
o'nyong-nyong_virus_CF-AAC97204.1.2_6762_relaxed.pdb	o'nyong-nyong virus	AAC97204.1.2
human_adenovirus_9_CF-CAI05972.1_12183_relaxed.pdb	human adenovirus 9	CAI05972.1
rhinovirus_A1_CF-BAA00168.1.1.2_10634_relaxed.pdb	rhinovirus A1	BAA00168.1.1.2
Bundibugyo_virus_CF-ACI28628.1_8651_relaxed.pdb	Bundibugyo virus	ACI28628.1
yaba-like_disease_virus_CF-CAC21327.1_12027_relaxed.pdb	yaba-like disease virus	CAC21327.1
rotavirus_B_CF-AAQ18656.1_6454_relaxed.pdb	rotavirus B	AAQ18656.1
coxsackievirus_B3_CF-AAB59927.1.1.9_10492_relaxed.pdb	coxsackievirus B3	AAB59927.1.1.9
rhinovirus_A1_CF-AEP69150.1.1.8_10708_relaxed.pdb	rhinovirus A1	AEP69150.1.1.8
cardiovirus_D1;_Saffold_virus_1_CF-ABP68884.2.10_10370_relaxed.pdb	cardiovirus D1; Saffold virus 1	ABP68884.2.10
human_papillomavirus_5_CF-CAA39434.1_4536_relaxed.pdb	human papillomavirus 5	CAA39434.1
rhinovirus_A1_CF-AEP69155.1.1.2_10709_relaxed.pdb	rhinovirus A1	AEP69155.1.1.2
Middle_East_respiratory_syndrome-related_coronavirus_CF-AFS88944.1.1.32_10187_relaxed.pdb	Middle East respiratory syndrome-related coronavirus	AFS88944.1.1.32
human_gammaherpesvirus_8;_Kaposi's_sarcoma-associated_herpesvirus_CF-ABD28859.1_158_relaxed.pdb	human gammaherpesvirus 8; Kaposi's sarcoma-associated herpesvirus	ABD28859.1
rhinovirus_B3_CF-ABF51179.1.11_10713_relaxed.pdb	rhinovirus B3	ABF51179.1.11
human_papillomavirus_6_CF-BAA66115.1_4559_relaxed.pdb	human papillomavirus 6	BAA66115.1
human_adenovirus_2_CF-AFK92447.1_12198_relaxed.pdb	human adenovirus 2	AFK92447.1
Bas-Congo_virus_CF-AFS65339.1_9056_relaxed.pdb	Bas-Congo virus	AFS65339.1
molluscum_contagiosum_virus_EF-AAC55276.1_12002_relaxed.pdb	molluscum contagiosum virus	AAC55276.1
human_betaherpesvirus_5;_human_cytomegalovirus_EF-AAR31683.1_100_relaxed.pdb	human betaherpesvirus 5; human cytomegalovirus	AAR31683.1
human_betaherpesvirus_5;_human_cytomegalovirus_CF-AAR31603.1_100_relaxed.pdb	human betaherpesvirus 5; human cytomegalovirus	AAR31603.1
torque_teno_virus_3_CF-ABV25032.1_12556_relaxed.pdb	torque teno virus 3	ABV25032.1
severe_acute_respiratory_syndrome_coronavirus_CF-QHD43415.1.1.9_10195_relaxed.pdb	severe acute respiratory syndrome coronavirus	QHD43415.1.1.9
human_betaherpesvirus_6A;_human_herpesvirus_6A_CF-CAA58373.1_118_relaxed.pdb	human betaherpesvirus 6A; human herpesvirus 6A	CAA58373.1
variola_virus_CF-CAA49123.1_12014_relaxed.pdb	variola virus	CAA49123.1
torque_teno_midi_virus_1_CF-BAF76130.1_12616_relaxed.pdb	torque teno midi virus 1	BAF76130.1
human_immunodeficiency_virus_1_CF-AAC82593.1.3_11768_relaxed.pdb	human immunodeficiency virus 1	AAC82593.1.3
cercopithecine_betaherpesvirus_5;_simian_cytomegalovirus_CF-AEV80506.1_99_relaxed.pdb	cercopithecine betaherpesvirus 5; simian cytomegalovirus	AEV80506.1
cowpox_virus_CF-AAM13461.1_12007_relaxed.pdb	cowpox virus	AAM13461.1
Wesselsbron_virus_CF-ACH70606.1.1.2_7207_relaxed.pdb	Wesselsbron virus	ACH70606.1.1.2
vaccinia_virus_CF-AAO89349.1_12013_relaxed.pdb	vaccinia virus	AAO89349.1
human_adenovirus_2_CF-AFK92406.1_12196_relaxed.pdb	human adenovirus 2	AFK92406.1
Yaba_monkey_tumor_virus_CF-AAR07417.1_12029_relaxed.pdb	Yaba monkey tumor virus	AAR07417.1
human_papillomavirus_131_CF-ADQ85959.1_4709_relaxed.pdb	human papillomavirus 131	ADQ85959.1
human_papillomavirus_5_CF-AAA79188.1_4509_relaxed.pdb	human papillomavirus 5	AAA79188.1
Akhmeta_virus_CF-AXN74993.1_12005_relaxed.pdb	Akhmeta virus	AXN74993.1
human_papillomavirus_5_EF-AAA79189.1_4509_relaxed.pdb	human papillomavirus 5	AAA79189.1
human_papillomavirus_6_CF-BAA90731.1_4539_relaxed.pdb	human papillomavirus 6	BAA90731.1
bat_adenovirus_4_CF-AMB43065.1_12126_relaxed.pdb	bat adenovirus 4	AMB43065.1
cowpox_virus_CF-ADC54002.1_12020_relaxed.pdb	cowpox virus	ADC54002.1
macacine_alphaherpesvirus_2;_lion-tailed_macaque_herpesvirus_1_CF-ARS01657.1_67_relaxed.pdb	macacine alphaherpesvirus 2; lion-tailed macaque herpesvirus 1	ARS01657.1
orf_virus_CF-AAR98323.1_12019_relaxed.pdb	orf virus	AAR98323.1
St._Louis_encephalitis_virus_CF-ABG37975.1.1.10_7176_relaxed.pdb	St. Louis encephalitis virus	ABG37975.1.1.10
human_gammaherpesvirus_4;_Epstein-Barr_virus_CF-CAD53402.1.1.6_127_relaxed.pdb	human gammaherpesvirus 4; Epstein-Barr virus	CAD53402.1.1.6
Kokobera_virus_CF-AAV34157.1.1.6_7170_relaxed.pdb	Kokobera virus	AAV34157.1.1.6
Thogoto_virus_CF-AAO49497.1_9934_relaxed.pdb	Thogoto virus	AAO49497.1
human_adenovirus_4_CF-AFK92811.1_12209_relaxed.pdb	human adenovirus 4	AFK92811.1
human_adenovirus_54_CF-BAH84818.1_12216_relaxed.pdb	human adenovirus 54	BAH84818.1
cowpox_virus_CF-AAM13544.1_12007_relaxed.pdb	cowpox virus	AAM13544.1
human_papillomavirus_1_CF-AEM24597.1_4710_relaxed.pdb	human papillomavirus 1	AEM24597.1
Lebombo_virus_CF-AFX73382.1_6439_relaxed.pdb	Lebombo virus	AFX73382.1
human_adenovirus_2_CF-AAW33345.1_12156_relaxed.pdb	human adenovirus 2	AAW33345.1
human_papillomavirus_1_CF-ABN79867.1_4587_relaxed.pdb	human papillomavirus 1	ABN79867.1
yaba-like_disease_virus_CF-CAC21255.1_12027_relaxed.pdb	yaba-like disease virus	CAC21255.1
enterovirus_D70_CF-BAA18891.1.1.3_10585_relaxed.pdb	enterovirus D70	BAA18891.1.1.3
human_adenovirus_12_CF-CAA51891.1_12147_relaxed.pdb	human adenovirus 12	CAA51891.1
human_adenovirus_2_CF-AFK92418.1_12196_relaxed.pdb	human adenovirus 2	AFK92418.1
human_adenovirus_4_CF-AFK92784.1_12208_relaxed.pdb	human adenovirus 4	AFK92784.1
human_papillomavirus_1_EF-BAM93534.1_4515_relaxed.pdb	human papillomavirus 1	BAM93534.1
Zika_virus_CF-AHZ13508.1.1.13_7212_relaxed.pdb	Zika virus	AHZ13508.1.1.13
human_papillomavirus_1_CF-ADH29809.1_4687_relaxed.pdb	human papillomavirus 1	ADH29809.1
human_betaherpesvirus_5;_human_cytomegalovirus_CF-AAR31639.1_100_relaxed.pdb	human betaherpesvirus 5; human cytomegalovirus	AAR31639.1
hepatitis_C_virus_genotype_1a_CF-AAA45676.1.1.8_7114_relaxed.pdb	hepatitis C virus genotype 1a	AAA45676.1.1.8
monkeypox_virus_CF-AAL40628.1_12009_relaxed.pdb	monkeypox virus	AAL40628.1
Akhmeta_virus_CF-AXN74847.1_12005_relaxed.pdb	Akhmeta virus	AXN74847.1
Saffold_virus_2_CF-ACB29695.1.1.1_10371_relaxed.pdb	Saffold virus 2	ACB29695.1.1.1
molluscum_contagiosum_virus_CF-AAC55166.1_12002_relaxed.pdb	molluscum contagiosum virus	AAC55166.1
Piry_virus_CF-AMR98949.1_9082_relaxed.pdb	Piry virus	AMR98949.1
vaccinia_virus_CF-AAO89370.1_12013_relaxed.pdb	vaccinia virus	AAO89370.1
papiine_alphaherpesvirus_2;_herpesvirus_papio_2_CF-ABA29301.1_73_relaxed.pdb	papiine alphaherpesvirus 2; herpesvirus papio 2	ABA29301.1
human_alphaherpesvirus_1;_herpes_simplex_virus_type_1_CF-AEQ77086.1_63_relaxed.pdb	human alphaherpesvirus 1; herpes simplex virus type 1	AEQ77086.1
Ravn_virus_CF-ABE27074.1.1.3_8657_relaxed.pdb	Ravn virus	ABE27074.1.1.3
human_gammaherpesvirus_4;_Epstein-Barr_virus_CF-CAD53398.1_127_relaxed.pdb	human gammaherpesvirus 4; Epstein-Barr virus	CAD53398.1
human_adenovirus_4_CF-ABO61303.1_12212_relaxed.pdb	human adenovirus 4	ABO61303.1
orf_virus_CF-AAR98307.1_12019_relaxed.pdb	orf virus	AAR98307.1
Zika_virus_CF-AAV34151.1.1.7_7210_relaxed.pdb	Zika virus	AAV34151.1.1.7
vaccinia_virus_CF-AAO89496.1_12013_relaxed.pdb	vaccinia virus	AAO89496.1
Middle_East_respiratory_syndrome-related_coronavirus_CF-AFS88944.1.1.24_10187_relaxed.pdb	Middle East respiratory syndrome-related coronavirus	AFS88944.1.1.24
rabies_virus_CF-AEM64025.1_96_relaxed.pdb	rabies virus	AEM64025.1
human_adenovirus_4_CF-AFK92730.1_12207_relaxed.pdb	human adenovirus 4	AFK92730.1
human_coronavirus_229E_CF-AAG48590.1.1.7_10159_relaxed.pdb	human coronavirus 229E	AAG48590.1.1.7
mamastrovirus_1_CF-ACN88708.1_11465_relaxed.pdb	mamastrovirus 1	ACN88708.1
human_adenovirus_3_EF-AAW33496.1_12157_relaxed.pdb	human adenovirus 3	AAW33496.1
yaba-like_disease_virus_CF-CAC21341.1_12027_relaxed.pdb	yaba-like disease virus	CAC21341.1
St._Louis_encephalitis_virus_CF-ABG37975.1.1.8_7176_relaxed.pdb	St. Louis encephalitis virus	ABG37975.1.1.8
human_papillomavirus_1_CF-CAW42248.1_4591_relaxed.pdb	human papillomavirus 1	CAW42248.1
rhinovirus_C1_CF-ACV51798.1.6_10752_relaxed.pdb	rhinovirus C1	ACV51798.1.6
human_adenovirus_4_CF-ABD52394.1_12213_relaxed.pdb	human adenovirus 4	ABD52394.1
Lujo_virus_CF-ACR56359.1_9258_relaxed.pdb	Lujo virus	ACR56359.1
human_adenovirus_3_CF-AFK92579.1_12201_relaxed.pdb	human adenovirus 3	AFK92579.1
human_lung-associated_vientovirus_CF-QCD25306.1_5316_relaxed.pdb	human lung-associated vientovirus	QCD25306.1
human_betaherpesvirus_6A;_human_herpesvirus_6A_CF-SPC53507.1_118_relaxed.pdb	human betaherpesvirus 6A; human herpesvirus 6A	SPC53507.1
human_papillomavirus_7_CF-CAA75469.1_4523_relaxed.pdb	human papillomavirus 7	CAA75469.1
o'nyong-nyong_virus_CF-AAA46784.1.1.1_6763_relaxed.pdb	o'nyong-nyong virus	AAA46784.1.1.1
Yaba_monkey_tumor_virus_CF-AAR07365.1_12029_relaxed.pdb	Yaba monkey tumor virus	AAR07365.1
cosavirus_D1_CF-ACL15191.1.1.2_10408_relaxed.pdb	cosavirus D1	ACL15191.1.1.2
macacine_alphaherpesvirus_3;_pig-tailed_macaque_herpesvirus_1_CF-ARS01801.1_68_relaxed.pdb	macacine alphaherpesvirus 3; pig-tailed macaque herpesvirus 1	ARS01801.1
human_alphaherpesvirus_2;_herpes_simplex_virus_type_2_CF-AEV91397.2_64_relaxed.pdb	human alphaherpesvirus 2; herpes simplex virus type 2	AEV91397.2
cowpox_virus_CF-AAM13625.1_12007_relaxed.pdb	cowpox virus	AAM13625.1
hepatitis_C_virus_genotype_1a_CF-AAB66324.1.1.15_7113_relaxed.pdb	hepatitis C virus genotype 1a	AAB66324.1.1.15
yellow_fever_virus_CF-CAA27332.1.1.10_7160_relaxed.pdb	yellow fever virus	CAA27332.1.1.10
human_papillomavirus_1_CF-CAA52505.1_4583_relaxed.pdb	human papillomavirus 1	CAA52505.1
Banna_virus_CF-AAT45072.1_6463_relaxed.pdb	Banna virus	AAT45072.1
human_adenovirus_3_CF-AAW33499.1_12157_relaxed.pdb	human adenovirus 3	AAW33499.1
rhinovirus_A1_CF-ACK37375.1.1.2_10646_relaxed.pdb	rhinovirus A1	ACK37375.1.1.2
cercopithecine_betaherpesvirus_5;_simian_cytomegalovirus_CF-AEV80464.1_99_relaxed.pdb	cercopithecine betaherpesvirus 5; simian cytomegalovirus	AEV80464.1
rhinovirus_C4_CF-AHK24839.1.1.1_10783_relaxed.pdb	rhinovirus C4	AHK24839.1.1.1
vaccinia_virus_CF-AAO89411.1_12013_relaxed.pdb	vaccinia virus	AAO89411.1
Sindbis_virus_CF-AAM10630.1.3_6776_relaxed.pdb	Sindbis virus	AAM10630.1.3
yellow_fever_virus_CF-CAA27332.1.4_7160_relaxed.pdb	yellow fever virus	CAA27332.1.4
human_papillomavirus_1_CF-AAA46931.1_4491_relaxed.pdb	human papillomavirus 1	AAA46931.1
human_papillomavirus_1_EF-BAL14430.1_4692_relaxed.pdb	human papillomavirus 1	BAL14430.1
Ntaya_virus_CF-AFS89612.2.1.1_7190_relaxed.pdb	Ntaya virus	AFS89612.2.1.1
human_papillomavirus_1_CF-AFV27116.1_4718_relaxed.pdb	human papillomavirus 1	AFV27116.1
human_papillomavirus_2_EF-AKP16342.1_4729_relaxed.pdb	human papillomavirus 2	AKP16342.1
hepatitis_C_virus_genotype_1a_CF-AAB66324.1.1.11_7113_relaxed.pdb	hepatitis C virus genotype 1a	AAB66324.1.1.11
vaccinia_virus_CF-AAO89373.1_12013_relaxed.pdb	vaccinia virus	AAO89373.1
human_papillomavirus_136_CF-AEM24605.1_4693_relaxed.pdb	human papillomavirus 136	AEM24605.1
human_adenovirus_12_CF-CAA51895.1_12147_relaxed.pdb	human adenovirus 12	CAA51895.1
human_papillomavirus_1_CF-AFV27106.1_4747_relaxed.pdb	human papillomavirus 1	AFV27106.1
Kasokero_virus_CF-ALD84351.1_9434_relaxed.pdb	Kasokero virus	ALD84351.1
human_parainfluenza_virus_4a_CF-BAJ11744.1_8844_relaxed.pdb	human parainfluenza virus 4a	BAJ11744.1
human_papillomavirus_116_EF-ACT76415.1_4749_relaxed.pdb	human papillomavirus 116	ACT76415.1
cowpox_virus_CF-AAM13559.1_12007_relaxed.pdb	cowpox virus	AAM13559.1
human_papillomavirus_7_CF-CAA75455.1_4608_relaxed.pdb	human papillomavirus 7	CAA75455.1
Japanese_encephalitis_virus_CF-AAA81554.1.1.1_7165_relaxed.pdb	Japanese encephalitis virus	AAA81554.1.1.1
rhinovirus_A1_CF-ACK37367.1.3_10633_relaxed.pdb	rhinovirus A1	ACK37367.1.3
human_papillomavirus_4_CF-CAA50160.1_4682_relaxed.pdb	human papillomavirus 4	CAA50160.1
Akhmeta_virus_CF-AXN75003.1_12005_relaxed.pdb	Akhmeta virus	AXN75003.1
monkeypox_virus_CF-AAL40519.1_12009_relaxed.pdb	monkeypox virus	AAL40519.1
human_adenovirus_2_CF-ACR81608.1_12191_relaxed.pdb	human adenovirus 2	ACR81608.1
cercopithecine_betaherpesvirus_5;_simian_cytomegalovirus_CF-AEV80418.1_99_relaxed.pdb	cercopithecine betaherpesvirus 5; simian cytomegalovirus	AEV80418.1
Yaba_monkey_tumor_virus_CF-AAR07373.1_12029_relaxed.pdb	Yaba monkey tumor virus	AAR07373.1
human_papillomavirus_54_CF-AAA79192.1_4509_relaxed.pdb	human papillomavirus 54	AAA79192.1
Ekpoma_virus_2_CF-AJN08919.1_9054_relaxed.pdb	Ekpoma virus 2	AJN08919.1
human_gammaherpesvirus_4;_Epstein-Barr_virus_CF-CAD53461.1_127_relaxed.pdb	human gammaherpesvirus 4; Epstein-Barr virus	CAD53461.1
human_betaherpesvirus_5;_human_cytomegalovirus_CF-AAR31693.1_100_relaxed.pdb	human betaherpesvirus 5; human cytomegalovirus	AAR31693.1
human_gammaherpesvirus_4;_Epstein-Barr_virus_CF-CAD53429.1_127_relaxed.pdb	human gammaherpesvirus 4; Epstein-Barr virus	CAD53429.1
human_gammaherpesvirus_8;_Kaposi's_sarcoma-associated_herpesvirus_CF-ABD28900.1_158_relaxed.pdb	human gammaherpesvirus 8; Kaposi's sarcoma-associated herpesvirus	ABD28900.1
human_adenovirus_2_CF-AFK92388.1_12194_relaxed.pdb	human adenovirus 2	AFK92388.1
molluscum_contagiosum_virus_CF-AAC55158.1_12002_relaxed.pdb	molluscum contagiosum virus	AAC55158.1
Maraba_virus_CF-AEI52254.1_9076_relaxed.pdb	Maraba virus	AEI52254.1
Usutu_virus_CF-AAS59402.1.1.2_7205_relaxed.pdb	Usutu virus	AAS59402.1.1.2
human_papillomavirus_1_EF-ACZ58405.1_4607_relaxed.pdb	human papillomavirus 1	ACZ58405.1
human_adenovirus_11_CF-AAN62515.1_12153_relaxed.pdb	human adenovirus 11	AAN62515.1
human_alphaherpesvirus_2;_herpes_simplex_virus_type_2_CF-AEV91400.1_64_relaxed.pdb	human alphaherpesvirus 2; herpes simplex virus type 2	AEV91400.1
Quaranfil_virus_CF-ACY56281.1_9924_relaxed.pdb	Quaranfil virus	ACY56281.1
Akhmeta_virus_CF-AXN74968.1_12005_relaxed.pdb	Akhmeta virus	AXN74968.1
rabies_virus_CF-AEM64038.1_96_relaxed.pdb	rabies virus	AEM64038.1
macacine_alphaherpesvirus_3;_pig-tailed_macaque_herpesvirus_1_CF-ARS01845.1_68_relaxed.pdb	macacine alphaherpesvirus 3; pig-tailed macaque herpesvirus 1	ARS01845.1
human_gammaherpesvirus_8;_Kaposi's_sarcoma-associated_herpesvirus_CF-ABD28875.1_158_relaxed.pdb	human gammaherpesvirus 8; Kaposi's sarcoma-associated herpesvirus	ABD28875.1
orf_virus_CF-AAR98266.1_12019_relaxed.pdb	orf virus	AAR98266.1
cosavirus_A1_CF-ACL15185.1.6_10383_relaxed.pdb	cosavirus A1	ACL15185.1.6
variola_virus_CF-CAA49125.1_12014_relaxed.pdb	variola virus	CAA49125.1
o'nyong-nyong_virus_CF-AAC97207.1.3_6764_relaxed.pdb	o'nyong-nyong virus	AAC97207.1.3
human_papillomavirus_1_CF-ADH29832.1_4572_relaxed.pdb	human papillomavirus 1	ADH29832.1
human_adenovirus_2_CF-AAA92219.1_12171_relaxed.pdb	human adenovirus 2	AAA92219.1
cowpox_virus_CF-ADC53930.1_12020_relaxed.pdb	cowpox virus	ADC53930.1
rhinovirus_B3_CF-ABF51181.1.1.3_10721_relaxed.pdb	rhinovirus B3	ABF51181.1.1.3
poliovirus_1_CF-CAA24461.1.1.7_10556_relaxed.pdb	poliovirus 1	CAA24461.1.1.7
titi_monkey_adenovirus_1_CF-AEK98454.1_12254_relaxed.pdb	titi monkey adenovirus 1	AEK98454.1
rhinovirus_C1_CF-ADM08073.1_10754_relaxed.pdb	rhinovirus C1	ADM08073.1
Yichang_virus_CF-ATV90889.1_10223_relaxed.pdb	Yichang virus	ATV90889.1
human_alphaherpesvirus_1;_herpes_simplex_virus_type_1_CF-AEQ77093.1_63_relaxed.pdb	human alphaherpesvirus 1; herpes simplex virus type 1	AEQ77093.1
vespertilionid_gammaherpesvirus_1;_bat_gammaherpesvirus_8_CF-AMA67416.1_152_relaxed.pdb	vespertilionid gammaherpesvirus 1; bat gammaherpesvirus 8	AMA67416.1
rhinovirus_C4_CF-AER92563.1.7_10791_relaxed.pdb	rhinovirus C4	AER92563.1.7
torque_teno_virus_CF-AHN50434.1_12557_relaxed.pdb	torque teno virus	AHN50434.1
human_coronavirus_HKU1_CF-AAT98578.1.1.31_10182_relaxed.pdb	human coronavirus HKU1	AAT98578.1.1.31
Hendra_virus_CF-AAC83188.2_8806_relaxed.pdb	Hendra virus	AAC83188.2
human_papillomavirus_4_CF-CAA52579.1_4606_relaxed.pdb	human papillomavirus 4	CAA52579.1
severe_acute_respiratory_syndrome_coronavirus_CF-AAP41036.1.1.12_10193_relaxed.pdb	severe acute respiratory syndrome coronavirus	AAP41036.1.1.12
coxsackievirus_A2_CF-AAR38840.1.1.10_10467_relaxed.pdb	coxsackievirus A2	AAR38840.1.1.10
human_alphaherpesvirus_3;_varicella-zoster_virus_CF-CAA27932.1_93_relaxed.pdb	human alphaherpesvirus 3; varicella-zoster virus	CAA27932.1
human_adenovirus_2_CF-AFK92376.1_12194_relaxed.pdb	human adenovirus 2	AFK92376.1
molluscum_contagiosum_virus_CF-AAC55198.1_12002_relaxed.pdb	molluscum contagiosum virus	AAC55198.1
papiine_alphaherpesvirus_2;_herpesvirus_papio_2_CF-ABA29320.1_73_relaxed.pdb	papiine alphaherpesvirus 2; herpesvirus papio 2	ABA29320.1
human_adenovirus_2_CF-AFK92372.1_12194_relaxed.pdb	human adenovirus 2	AFK92372.1
human_alphaherpesvirus_3;_varicella-zoster_virus_CF-CAA27889.1_93_relaxed.pdb	human alphaherpesvirus 3; varicella-zoster virus	CAA27889.1
macacine_alphaherpesvirus_2;_lion-tailed_macaque_herpesvirus_1_CF-ARS01692.1_67_relaxed.pdb	macacine alphaherpesvirus 2; lion-tailed macaque herpesvirus 1	ARS01692.1
monkeypox_virus_CF-AAL40613.1_12009_relaxed.pdb	monkeypox virus	AAL40613.1
human_papillomavirus_4_CF-AAA79461.1_4492_relaxed.pdb	human papillomavirus 4	AAA79461.1
orf_virus_CF-AAR98319.1_12019_relaxed.pdb	orf virus	AAR98319.1
human_betaherpesvirus_6B;_human_herpesvirus_6B_CF-AAD49634.1_119_relaxed.pdb	human betaherpesvirus 6B; human herpesvirus 6B	AAD49634.1
human_papillomavirus_63_EF-CAA50166.1_4768_relaxed.pdb	human papillomavirus 63	CAA50166.1
Alston_virus_CF-AZK31330.1.1.1_8843_relaxed.pdb	Alston virus	AZK31330.1.1.1
Yaba_monkey_tumor_virus_CF-AAR07420.1_12029_relaxed.pdb	Yaba monkey tumor virus	AAR07420.1
human_papillomavirus_1_CF-ADE45488.1_4700_relaxed.pdb	human papillomavirus 1	ADE45488.1
Venezuelan_equine_encephalitis_virus;_Venezuelan_equine_encephalitis_virus_IAB_CF-AAC19321.2.1.2_6783_relaxed.pdb	Venezuelan equine encephalitis virus; Venezuelan equine encephalitis virus IAB	AAC19321.2.1.2
mamastrovirus_1_CF-CAA81032.1_11455_relaxed.pdb	mamastrovirus 1	CAA81032.1
Middle_East_respiratory_syndrome-related_coronavirus_CF-AFS88944.1.1.11_10187_relaxed.pdb	Middle East respiratory syndrome-related coronavirus	AFS88944.1.1.11
dengue_virus_type_2_CF-AAB58782.1.1.11_7150_relaxed.pdb	dengue virus type 2	AAB58782.1.1.11
macacine_alphaherpesvirus_1;_B-virus_CF-AAP41455.1_66_relaxed.pdb	macacine alphaherpesvirus 1; B-virus	AAP41455.1
human_papillomavirus_5_CF-AAA46984.1_4565_relaxed.pdb	human papillomavirus 5	AAA46984.1
human_adenovirus_4_CF-ABD52397.1_12213_relaxed.pdb	human adenovirus 4	ABD52397.1
human_papillomavirus_6_CF-AAZ39498.1_4548_relaxed.pdb	human papillomavirus 6	AAZ39498.1
cercopithecine_betaherpesvirus_5;_simian_cytomegalovirus_EF-AEV80367.1_99_relaxed.pdb	cercopithecine betaherpesvirus 5; simian cytomegalovirus	AEV80367.1
human_papillomavirus_9_CF-AAO15008.1_4610_relaxed.pdb	human papillomavirus 9	AAO15008.1
human_coronavirus_HKU1_CF-AAT98578.1.1.13_10182_relaxed.pdb	human coronavirus HKU1	AAT98578.1.1.13
mumps_virus_CF-BAA94390.1_8849_relaxed.pdb	mumps virus	BAA94390.1
o'nyong-nyong_virus_CF-AAC97204.1.1.4_6762_relaxed.pdb	o'nyong-nyong virus	AAC97204.1.1.4
human_adenovirus_3_CF-AFK92645.1_12205_relaxed.pdb	human adenovirus 3	AFK92645.1
human_papillomavirus_32_CF-CAA52549.1_4487_relaxed.pdb	human papillomavirus 32	CAA52549.1
torque_teno_midi_virus_6_CF-BAF76081.1_12622_relaxed.pdb	torque teno midi virus 6	BAF76081.1
torque_teno_midi_virus_11_CF-BAF76112.1_12613_relaxed.pdb	torque teno midi virus 11	BAF76112.1
human_hepegivirus;_human_pegivirus_2_CF-ALE27082.1.1.4_7216_relaxed.pdb	human hepegivirus; human pegivirus 2	ALE27082.1.1.4
cowpox_virus_CF-ADC53919.1_12020_relaxed.pdb	cowpox virus	ADC53919.1
human_adenovirus_3_CF-AFK92605.1_12204_relaxed.pdb	human adenovirus 3	AFK92605.1
human_papillomavirus_9_CF-CAF05706.1_4683_relaxed.pdb	human papillomavirus 9	CAF05706.1
human_papillomavirus_6_CF-BAA28859.1_4559_relaxed.pdb	human papillomavirus 6	BAA28859.1
human_adenovirus_2_CF-AFK92401.1_12196_relaxed.pdb	human adenovirus 2	AFK92401.1
Yaba_monkey_tumor_virus_EF-AAR07479.1_12029_relaxed.pdb	Yaba monkey tumor virus	AAR07479.1
orf_virus_CF-AAR98235.1_12019_relaxed.pdb	orf virus	AAR98235.1
cowpox_virus_CF-AAM13539.1_12007_relaxed.pdb	cowpox virus	AAM13539.1
influenza_B_virus_CF-AAA43755.1_9915_relaxed.pdb	influenza B virus	AAA43755.1
Banzi_virus_CF-ABI54472.1.1.10_7142_relaxed.pdb	Banzi virus	ABI54472.1.1.10
Potiskum_virus_CF-ABI54483.1.1.9_7199_relaxed.pdb	Potiskum virus	ABI54483.1.1.9
human_adenovirus_4_CF-AFK92544.1_12211_relaxed.pdb	human adenovirus 4	AFK92544.1
rhinovirus_A1_CF-BAA00168.1.1.9_10634_relaxed.pdb	rhinovirus A1	BAA00168.1.1.9
Ilesha_virus_CF-AGU99594.1_9559_relaxed.pdb	Ilesha virus	AGU99594.1
human_papillomavirus_1_CF-ADH29797.1_4745_relaxed.pdb	human papillomavirus 1	ADH29797.1
cosavirus_A1_CF-ACL15185.1.1.2_10383_relaxed.pdb	cosavirus A1	ACL15185.1.1.2
yellow_fever_virus_CF-CAA27332.1.1.4_7160_relaxed.pdb	yellow fever virus	CAA27332.1.1.4
vaccinia_virus_CF-AAO89427.1_12013_relaxed.pdb	vaccinia virus	AAO89427.1
yaba-like_disease_virus_CF-CAC21306.1_12027_relaxed.pdb	yaba-like disease virus	CAC21306.1
human_adenovirus_40_CF-AAC13982.1_12231_relaxed.pdb	human adenovirus 40	AAC13982.1
Japanese_encephalitis_virus_CF-AAA81554.1.6_7165_relaxed.pdb	Japanese encephalitis virus	AAA81554.1.6
severe_acute_respiratory_syndrome_coronavirus_CF-QHD43415.1.1.26_10195_relaxed.pdb	severe acute respiratory syndrome coronavirus	QHD43415.1.1.26
human_adenovirus_3_CF-AEY79560.1_12199_relaxed.pdb	human adenovirus 3	AEY79560.1
human_adenovirus_4_CF-AFK92838.1_12209_relaxed.pdb	human adenovirus 4	AFK92838.1
human_gammaherpesvirus_4;_Epstein-Barr_virus_CF-CAD53430.1_127_relaxed.pdb	human gammaherpesvirus 4; Epstein-Barr virus	CAD53430.1
human_papillomavirus_4_EF-CAA39614.1_4770_relaxed.pdb	human papillomavirus 4	CAA39614.1
cowpox_virus_CF-ADC54030.1_12020_relaxed.pdb	cowpox virus	ADC54030.1
human_papillomavirus_127_CF-ADE45482.1_4700_relaxed.pdb	human papillomavirus 127	ADE45482.1
Mayaro_virus_CF-AAL79763.1.1.2_6756_relaxed.pdb	Mayaro virus	AAL79763.1.1.2
Sindbis_virus_CF-AAC83378.1.1_6775_relaxed.pdb	Sindbis virus	AAC83378.1.1
European_bat_lyssavirus_1_CF-ABO65243.1_8965_relaxed.pdb	European bat lyssavirus 1	ABO65243.1
o'nyong-nyong_virus_CF-AAC97204.1.1.1_6762_relaxed.pdb	o'nyong-nyong virus	AAC97204.1.1.1
avian_paramyxovirus_2_EF-AVG72385.1_8794_relaxed.pdb	avian paramyxovirus 2	AVG72385.1
human_adenovirus_3_EF-AFK92626.1_12204_relaxed.pdb	human adenovirus 3	AFK92626.1
yaba-like_disease_virus_CF-CAC21343.1_12027_relaxed.pdb	yaba-like disease virus	CAC21343.1
coxsackievirus_A2_CF-AAQ02683.1.1.9_10570_relaxed.pdb	coxsackievirus A2	AAQ02683.1.1.9
human_papillomavirus_2_CF-AAA79421.1_4580_relaxed.pdb	human papillomavirus 2	AAA79421.1
coxsackievirus_A2_CF-AAQ02682.1.7_10568_relaxed.pdb	coxsackievirus A2	AAQ02682.1.7
human_papillomavirus_90_CF-AAL14208.1_4511_relaxed.pdb	human papillomavirus 90	AAL14208.1
human_papillomavirus_1_CF-CAA24316.1_4767_relaxed.pdb	human papillomavirus 1	CAA24316.1
human_papillomavirus_1_CF-ADR77927.1_4707_relaxed.pdb	human papillomavirus 1	ADR77927.1
human_papillomavirus_1_CF-ADO63739.1_4703_relaxed.pdb	human papillomavirus 1	ADO63739.1
human_papillomavirus_2_CF-AKG54928.1_4769_relaxed.pdb	human papillomavirus 2	AKG54928.1
human_coronavirus_OC43_CF-AAT84351.1.1.33_10180_relaxed.pdb	human coronavirus OC43	AAT84351.1.1.33
hepatitis_D_virus_8_EF-CAJ66094.1_11831_relaxed.pdb	hepatitis D virus 8	CAJ66094.1
vaccinia_virus_CF-AAO89495.1_12013_relaxed.pdb	vaccinia virus	AAO89495.1
torque_teno_virus_CF-BAB15944.1_12543_relaxed.pdb	torque teno virus	BAB15944.1
human_hepatitis_E_virus_genotype_1a_CF-AAA03190.1_6577_relaxed.pdb	human hepatitis E virus genotype 1a	AAA03190.1
human_betaherpesvirus_5;_human_cytomegalovirus_CF-AAR31626.1_100_relaxed.pdb	human betaherpesvirus 5; human cytomegalovirus	AAR31626.1
rhinovirus_C1_CF-ABQ16587.1.1.3_10743_relaxed.pdb	rhinovirus C1	ABQ16587.1.1.3
torque_teno_mini_virus_3_CF-BAA93608.1_12585_relaxed.pdb	torque teno mini virus 3	BAA93608.1
rhinovirus_A1_CF-ACK37431.1.6_10704_relaxed.pdb	rhinovirus A1	ACK37431.1.6
macacine_alphaherpesvirus_3;_pig-tailed_macaque_herpesvirus_1_CF-ARS01851.1_68_relaxed.pdb	macacine alphaherpesvirus 3; pig-tailed macaque herpesvirus 1	ARS01851.1
human_betaherpesvirus_6B;_human_herpesvirus_6B_CF-AAB06346.1_119_relaxed.pdb	human betaherpesvirus 6B; human herpesvirus 6B	AAB06346.1
enterovirus_A114_CF-ANN47501.1.1.1_10484_relaxed.pdb	enterovirus A114	ANN47501.1.1.1
human_coronavirus_229E_CF-AFR79255.1.1.7_10160_relaxed.pdb	human coronavirus 229E	AFR79255.1.1.7
rotavirus_B_CF-AAQ18655.1_6454_relaxed.pdb	rotavirus B	AAQ18655.1
hepatovirus_A1;_hepatitis_A_virus_CF-AAA45466.1.8_10827_relaxed.pdb	hepatovirus A1; hepatitis A virus	AAA45466.1.8
hepatitis_C_virus_genotype_3a_CF-BAA04609.1.8_7118_relaxed.pdb	hepatitis C virus genotype 3a	BAA04609.1.8
human_papillomavirus_187_EF-ANG08959.1_4728_relaxed.pdb	human papillomavirus 187	ANG08959.1
macacine_alphaherpesvirus_2;_lion-tailed_macaque_herpesvirus_1_CF-ARS01707.1_67_relaxed.pdb	macacine alphaherpesvirus 2; lion-tailed macaque herpesvirus 1	ARS01707.1
human_adenovirus_2_CF-AAA92202.1_12171_relaxed.pdb	human adenovirus 2	AAA92202.1
human_coronavirus_229E_CF-AAG48590.1.1.14_10159_relaxed.pdb	human coronavirus 229E	AAG48590.1.1.14
human_adenovirus_4_CF-AFK92717.1_12206_relaxed.pdb	human adenovirus 4	AFK92717.1
rabies_virus_CF-AEM64055.1_96_relaxed.pdb	rabies virus	AEM64055.1
Akhmeta_virus_CF-AXN74868.1_12005_relaxed.pdb	Akhmeta virus	AXN74868.1
molluscum_contagiosum_virus_CF-AAC55239.1_12002_relaxed.pdb	molluscum contagiosum virus	AAC55239.1
louping_ill_virus_CF-ABB90676.1.1.2_7180_relaxed.pdb	louping ill virus	ABB90676.1.1.2
human_papillomavirus_4_CF-CAA52573.1_4552_relaxed.pdb	human papillomavirus 4	CAA52573.1
cosavirus_E1_CF-ACL99815.1.1_10413_relaxed.pdb	cosavirus E1	ACL99815.1.1
macacine_alphaherpesvirus_3;_pig-tailed_macaque_herpesvirus_1_CF-ARS01848.1_68_relaxed.pdb	macacine alphaherpesvirus 3; pig-tailed macaque herpesvirus 1	ARS01848.1
human_adenovirus_3_CF-AFK92672.1_12205_relaxed.pdb	human adenovirus 3	AFK92672.1
cercopithecine_betaherpesvirus_5;_simian_cytomegalovirus_CF-AEV80493.1_99_relaxed.pdb	cercopithecine betaherpesvirus 5; simian cytomegalovirus	AEV80493.1
Zika_virus_CF-ARB08102.1.1.3_7211_relaxed.pdb	Zika virus	ARB08102.1.1.3
TTV-like_mini_virus_CF-APA31998.1_12584_relaxed.pdb	TTV-like mini virus	APA31998.1
Menangle_virus_CF-AFY09793.1_8858_relaxed.pdb	Menangle virus	AFY09793.1
human_adenovirus_3_CF-ABB17789.1_12151_relaxed.pdb	human adenovirus 3	ABB17789.1
rhinovirus_A1_CF-AEP69150.1.7_10708_relaxed.pdb	rhinovirus A1	AEP69150.1.7
human_papillomavirus_9_EF-AAM89133.1_4555_relaxed.pdb	human papillomavirus 9	AAM89133.1
human_adenovirus_4_CF-AAX70953.1_12210_relaxed.pdb	human adenovirus 4	AAX70953.1
Yichang_virus_CF-ATV90892.1.1.1_10223_relaxed.pdb	Yichang virus	ATV90892.1.1.1
human_adenovirus_2_CF-AFK92282.1_12192_relaxed.pdb	human adenovirus 2	AFK92282.1
papiine_alphaherpesvirus_2;_herpesvirus_papio_2_CF-ABA29266.1_73_relaxed.pdb	papiine alphaherpesvirus 2; herpesvirus papio 2	ABA29266.1
monkeypox_virus_EF-AAL40580.1_12009_relaxed.pdb	monkeypox virus	AAL40580.1
bat_adenovirus_4_CF-AMB43052.1_12126_relaxed.pdb	bat adenovirus 4	AMB43052.1
human_hepatitis_E_virus_genotype_1a_CF-AAA03189.1.4_6577_relaxed.pdb	human hepatitis E virus genotype 1a	AAA03189.1.4
human_papillomavirus_1_EF-ACC78267.1_4588_relaxed.pdb	human papillomavirus 1	ACC78267.1
human_adenovirus_2_CF-ACQ91149.1_12197_relaxed.pdb	human adenovirus 2	ACQ91149.1
human_coronavirus_229E_CF-AFR79256.1.1.1_10160_relaxed.pdb	human coronavirus 229E	AFR79256.1.1.1
human_papillomavirus_71_EF-BAB20557.1_4510_relaxed.pdb	human papillomavirus 71	BAB20557.1
hepatitis_C_virus_genotype_7a_CF-ABN05226.1.1.3_7124_relaxed.pdb	hepatitis C virus genotype 7a	ABN05226.1.1.3
variola_virus_CF-CAA49005.1_12014_relaxed.pdb	variola virus	CAA49005.1
hepatitis_C_virus_genotype_3a_CF-BAA04609.1.3_7118_relaxed.pdb	hepatitis C virus genotype 3a	BAA04609.1.3
human_adenovirus_3_CF-ABB17805.1_12151_relaxed.pdb	human adenovirus 3	ABB17805.1
Ross_River_virus_CF-ACV66992.1.4_6767_relaxed.pdb	Ross River virus	ACV66992.1.4
Middle_East_respiratory_syndrome-related_coronavirus_CF-AFS88944.1.1.12_10187_relaxed.pdb	Middle East respiratory syndrome-related coronavirus	AFS88944.1.1.12
Marburg_virus_CF-ABA87128.1_8656_relaxed.pdb	Marburg virus	ABA87128.1
human_betaherpesvirus_6B;_human_herpesvirus_6B_CF-AAB06344.1_119_relaxed.pdb	human betaherpesvirus 6B; human herpesvirus 6B	AAB06344.1
torque_teno_virus_CF-AAL28137.1_12560_relaxed.pdb	torque teno virus	AAL28137.1
human_adenovirus_3_CF-ACY04463.1_12202_relaxed.pdb	human adenovirus 3	ACY04463.1
torque_teno_virus_3_CF-AJP36581.1_12538_relaxed.pdb	torque teno virus 3	AJP36581.1
rhinovirus_A1_CF-ABO69371.1.1.2_10641_relaxed.pdb	rhinovirus A1	ABO69371.1.1.2
yaba-like_disease_virus_CF-CAC21254.1_12027_relaxed.pdb	yaba-like disease virus	CAC21254.1
coxsackievirus_A16_CF-AAA50478.1.1.5_10477_relaxed.pdb	coxsackievirus A16	AAA50478.1.1.5
human_betaherpesvirus_5;_human_cytomegalovirus_CF-AAR31652.1_100_relaxed.pdb	human betaherpesvirus 5; human cytomegalovirus	AAR31652.1
variola_virus_EF-CAA48966.1_12014_relaxed.pdb	variola virus	CAA48966.1
rhinovirus_C4_CF-AHK24839.1.1.7_10783_relaxed.pdb	rhinovirus C4	AHK24839.1.1.7
cercopithecine_betaherpesvirus_5;_simian_cytomegalovirus_CF-AEV80423.1_99_relaxed.pdb	cercopithecine betaherpesvirus 5; simian cytomegalovirus	AEV80423.1
human_papillomavirus_10_CF-ACD67923.1_4736_relaxed.pdb	human papillomavirus 10	ACD67923.1
rhinovirus_A1_CF-ACK37374.1.1.7_10645_relaxed.pdb	rhinovirus A1	ACK37374.1.1.7
macacine_alphaherpesvirus_3;_pig-tailed_macaque_herpesvirus_1_CF-ARS01855.1_68_relaxed.pdb	macacine alphaherpesvirus 3; pig-tailed macaque herpesvirus 1	ARS01855.1
human_adenovirus_2_CF-AFK92370.1_12194_relaxed.pdb	human adenovirus 2	AFK92370.1
human_papillomavirus_1_CF-AFV27123.1_4716_relaxed.pdb	human papillomavirus 1	AFV27123.1
macacine_alphaherpesvirus_1;_B-virus_CF-AAP41477.1_66_relaxed.pdb	macacine alphaherpesvirus 1; B-virus	AAP41477.1
human_papillomavirus_1_CF-CAW42275.1_4592_relaxed.pdb	human papillomavirus 1	CAW42275.1
human_adenovirus_2_CF-AFK92404.1_12196_relaxed.pdb	human adenovirus 2	AFK92404.1
yaba-like_disease_virus_CF-CAC21295.1_12027_relaxed.pdb	yaba-like disease virus	CAC21295.1
human_betaherpesvirus_5;_human_cytomegalovirus_CF-AAR31571.1_100_relaxed.pdb	human betaherpesvirus 5; human cytomegalovirus	AAR31571.1
severe_acute_respiratory_syndrome_coronavirus_CF-QHD43415.1.1.3_10195_relaxed.pdb	severe acute respiratory syndrome coronavirus	QHD43415.1.1.3
human_betaherpesvirus_5;_human_cytomegalovirus_CF-AAR31647.1_100_relaxed.pdb	human betaherpesvirus 5; human cytomegalovirus	AAR31647.1
variola_virus_CF-CAA49024.1_12014_relaxed.pdb	variola virus	CAA49024.1
human_papillomavirus_2_EF-AKP16350.1_4699_relaxed.pdb	human papillomavirus 2	AKP16350.1
influenza_B_virus_CF-AAA43689.1_9915_relaxed.pdb	influenza B virus	AAA43689.1
Japanese_encephalitis_virus_CF-AAA81554.1.7_7165_relaxed.pdb	Japanese encephalitis virus	AAA81554.1.7
rhinovirus_B3_CF-ABF51179.1.1.3_10713_relaxed.pdb	rhinovirus B3	ABF51179.1.1.3
human_gammaherpesvirus_4;_Epstein-Barr_virus_CF-CAD53439.1_127_relaxed.pdb	human gammaherpesvirus 4; Epstein-Barr virus	CAD53439.1
human_alphaherpesvirus_3;_varicella-zoster_virus_CF-CAA27887.1_93_relaxed.pdb	human alphaherpesvirus 3; varicella-zoster virus	CAA27887.1
torque_teno_virus_CF-AEW87511.1_12665_relaxed.pdb	torque teno virus	AEW87511.1
Usutu_virus_CF-AAS59402.1.4_7205_relaxed.pdb	Usutu virus	AAS59402.1.4
human_adenovirus_3_CF-AFK92487.1_12200_relaxed.pdb	human adenovirus 3	AFK92487.1
human_coronavirus_229E_CF-AFR79256.1.1.4_10160_relaxed.pdb	human coronavirus 229E	AFR79256.1.1.4
human_gammaherpesvirus_8;_Kaposi's_sarcoma-associated_herpesvirus_CF-ABD28911.1_158_relaxed.pdb	human gammaherpesvirus 8; Kaposi's sarcoma-associated herpesvirus	ABD28911.1
yaba-like_disease_virus_CF-CAC21317.1_12027_relaxed.pdb	yaba-like disease virus	CAC21317.1
cercopithecine_betaherpesvirus_5;_simian_cytomegalovirus_EF-AEV80474.1_99_relaxed.pdb	cercopithecine betaherpesvirus 5; simian cytomegalovirus	AEV80474.1
human_papillomavirus_7_CF-CAA63874.1_4534_relaxed.pdb	human papillomavirus 7	CAA63874.1
rhinovirus_A1_CF-AAA69862.1.1.3_10644_relaxed.pdb	rhinovirus A1	AAA69862.1.1.3
hepatovirus_A1;_hepatitis_A_virus_CF-AAA45466.1.1.1_10827_relaxed.pdb	hepatovirus A1; hepatitis A virus	AAA45466.1.1.1
monkeypox_virus_CF-AAL40575.1_12009_relaxed.pdb	monkeypox virus	AAL40575.1
variola_virus_CF-CAA49007.1_12014_relaxed.pdb	variola virus	CAA49007.1
human_coronavirus_HKU1_CF-AAT98578.1.10_10182_relaxed.pdb	human coronavirus HKU1	AAT98578.1.10
rhinovirus_A1_CF-AAA69862.1.1.8_10644_relaxed.pdb	rhinovirus A1	AAA69862.1.1.8
human_papillomavirus_10_CF-CAW42235.1_4590_relaxed.pdb	human papillomavirus 10	CAW42235.1
Tula_virus_CF-CAA06640.1.1.1_9398_relaxed.pdb	Tula virus	CAA06640.1.1.1
human_papillomavirus_5_EF-CAA52593.1_4544_relaxed.pdb	human papillomavirus 5	CAA52593.1
human_papillomavirus_1_CF-AHA37346.1_4748_relaxed.pdb	human papillomavirus 1	AHA37346.1
human_adenovirus_2_EF-AAW33365.1_12156_relaxed.pdb	human adenovirus 2	AAW33365.1
variola_virus_CF-CAA48978.1_12014_relaxed.pdb	variola virus	CAA48978.1
rhinovirus_A1_CF-ABO69371.1.1.5_10641_relaxed.pdb	rhinovirus A1	ABO69371.1.1.5
cercopithecine_betaherpesvirus_5;_simian_cytomegalovirus_CF-AEV80399.1_99_relaxed.pdb	cercopithecine betaherpesvirus 5; simian cytomegalovirus	AEV80399.1
human_adenovirus_4_CF-ACH90437.1_12232_relaxed.pdb	human adenovirus 4	ACH90437.1
human_adenovirus_3_CF-AFK92635.1_12204_relaxed.pdb	human adenovirus 3	AFK92635.1
rhinovirus_A1_CF-ABO69521.1.1.2_10706_relaxed.pdb	rhinovirus A1	ABO69521.1.1.2
molluscum_contagiosum_virus_CF-AAC55205.1_12002_relaxed.pdb	molluscum contagiosum virus	AAC55205.1
titi_monkey_adenovirus_1_CF-AEK98475.1_12254_relaxed.pdb	titi monkey adenovirus 1	AEK98475.1
cercopithecine_betaherpesvirus_5;_simian_cytomegalovirus_EF-AEV80524.1_99_relaxed.pdb	cercopithecine betaherpesvirus 5; simian cytomegalovirus	AEV80524.1
lone_star_virus_CF-AGL50922.1_9713_relaxed.pdb	lone star virus	AGL50922.1
rhinovirus_C4_CF-AJO54281.1.1.5_10784_relaxed.pdb	rhinovirus C4	AJO54281.1.1.5
human_adenovirus_4_CF-AFK92836.1_12209_relaxed.pdb	human adenovirus 4	AFK92836.1
rhinovirus_B14_CF-AAA45756.1.8_10717_relaxed.pdb	rhinovirus B14	AAA45756.1.8
cowpox_virus_CF-AAM13466.1_12007_relaxed.pdb	cowpox virus	AAM13466.1
Sindbis_virus_CF-AAC83378.1.1.4_6775_relaxed.pdb	Sindbis virus	AAC83378.1.1.4
human_parainfluenza_virus_2_CF-CAA40785.1_8846_relaxed.pdb	human parainfluenza virus 2	CAA40785.1
Banna_virus_CF-AAT45071.1_6463_relaxed.pdb	Banna virus	AAT45071.1
human_adenovirus_40_CF-AAC13964.1_12231_relaxed.pdb	human adenovirus 40	AAC13964.1
human_papillomavirus_1_CF-CAA52495.1_4514_relaxed.pdb	human papillomavirus 1	CAA52495.1
TTV-like_mini_virus_CF-APA31995.1_12578_relaxed.pdb	TTV-like mini virus	APA31995.1
Banzi_virus_CF-ABI54472.1.1.23_7142_relaxed.pdb	Banzi virus	ABI54472.1.1.23
human_adenovirus_2_CF-AAW33347.1_12156_relaxed.pdb	human adenovirus 2	AAW33347.1
human_adenovirus_3_CF-AFK92496.1_12200_relaxed.pdb	human adenovirus 3	AFK92496.1
human_adenovirus_4_CF-AAX70950.1_12210_relaxed.pdb	human adenovirus 4	AAX70950.1
human_papillomavirus_103_EF-AAZ39486.1_4734_relaxed.pdb	human papillomavirus 103	AAZ39486.1
human_coronavirus_HKU1_CF-AAT98578.1.1.21_10182_relaxed.pdb	human coronavirus HKU1	AAT98578.1.1.21
cowpox_virus_CF-ADC53953.1_12020_relaxed.pdb	cowpox virus	ADC53953.1
rhinovirus_C4_CF-AER92563.1.4_10791_relaxed.pdb	rhinovirus C4	AER92563.1.4
titi_monkey_adenovirus_1_CF-AEK98457.1_12254_relaxed.pdb	titi monkey adenovirus 1	AEK98457.1
variola_virus_EF-CAA48959.1_12014_relaxed.pdb	variola virus	CAA48959.1
Yaba_monkey_tumor_virus_CF-AAR07487.1_12029_relaxed.pdb	Yaba monkey tumor virus	AAR07487.1
torque_teno_midi_virus_6_CF-BAF76080.1_12622_relaxed.pdb	torque teno midi virus 6	BAF76080.1
Nipah_virus_CF-AAK29089.1.1.2_8808_relaxed.pdb	Nipah virus	AAK29089.1.1.2
Yaba_monkey_tumor_virus_CF-AAR07444.1_12029_relaxed.pdb	Yaba monkey tumor virus	AAR07444.1
avian_paramyxovirus_2_CF-AUJ87602.1_8783_relaxed.pdb	avian paramyxovirus 2	AUJ87602.1
severe_acute_respiratory_syndrome_coronavirus_CF-AAP41036.1.1.22_10193_relaxed.pdb	severe acute respiratory syndrome coronavirus	AAP41036.1.1.22
rhinovirus_C4_CF-AET72469.1.1_10782_relaxed.pdb	rhinovirus C4	AET72469.1.1
human_adenovirus_40_CF-AAC13979.1_12231_relaxed.pdb	human adenovirus 40	AAC13979.1
cowpox_virus_CF-ADC53972.1_12020_relaxed.pdb	cowpox virus	ADC53972.1
human_papillomavirus_7_CF-AAO15459.1_4490_relaxed.pdb	human papillomavirus 7	AAO15459.1
Yaba_monkey_tumor_virus_CF-AAR07472.1_12029_relaxed.pdb	Yaba monkey tumor virus	AAR07472.1
chikungunya_virus_CF-AAN05101.1.1.5_6742_relaxed.pdb	chikungunya virus	AAN05101.1.1.5
severe_acute_respiratory_syndrome_coronavirus_CF-AAP41036.1.1.16_10193_relaxed.pdb	severe acute respiratory syndrome coronavirus	AAP41036.1.1.16
Melao_virus_CF-APA28993.1.1.2_9597_relaxed.pdb	Melao virus	APA28993.1.1.2
rhinovirus_A1_CF-ABO69521.1.1.10_10706_relaxed.pdb	rhinovirus A1	ABO69521.1.1.10
human_adenovirus_2_EF-AFK92387.1_12194_relaxed.pdb	human adenovirus 2	AFK92387.1
human_adenovirus_2_EF-AFK92304.1_12192_relaxed.pdb	human adenovirus 2	AFK92304.1
human_papillomavirus_10_EF-CAA52491.1_4514_relaxed.pdb	human papillomavirus 10	CAA52491.1
Isfahan_virus_EF-CAH17547.1_9073_relaxed.pdb	Isfahan virus	CAH17547.1
macacine_alphaherpesvirus_1;_B-virus_CF-AAP41480.1_66_relaxed.pdb	macacine alphaherpesvirus 1; B-virus	AAP41480.1
human_alphaherpesvirus_3;_varicella-zoster_virus_CF-CAA27930.1_93_relaxed.pdb	human alphaherpesvirus 3; varicella-zoster virus	CAA27930.1
hepatitis_C_virus_genotype_3a_CF-BAA04609.1.5_7118_relaxed.pdb	hepatitis C virus genotype 3a	BAA04609.1.5
yaba-like_disease_virus_CF-CAC21354.1_12027_relaxed.pdb	yaba-like disease virus	CAC21354.1
cercopithecine_betaherpesvirus_5;_simian_cytomegalovirus_CF-AEV80363.1_99_relaxed.pdb	cercopithecine betaherpesvirus 5; simian cytomegalovirus	AEV80363.1
human_hepatitis_E_virus_genotype_1a_CF-AAA03189.1.5_6577_relaxed.pdb	human hepatitis E virus genotype 1a	AAA03189.1.5
human_papillomavirus_7_CF-CAA75468.1_4523_relaxed.pdb	human papillomavirus 7	CAA75468.1
orf_virus_CF-AAR98248.1_12019_relaxed.pdb	orf virus	AAR98248.1
human_gammaherpesvirus_4;_Epstein-Barr_virus_CF-CAD53453.1_127_relaxed.pdb	human gammaherpesvirus 4; Epstein-Barr virus	CAD53453.1
cowpox_virus_CF-AAM13634.1_12007_relaxed.pdb	cowpox virus	AAM13634.1
torque_teno_midi_virus_11_CF-BAF76113.1_12613_relaxed.pdb	torque teno midi virus 11	BAF76113.1
rabies_virus_CF-AEM64042.1_96_relaxed.pdb	rabies virus	AEM64042.1
human_papillomavirus_1_EF-CDG41970.1_4711_relaxed.pdb	human papillomavirus 1	CDG41970.1
equine_arteritis_virus_CF-CAC42776.1_10126_relaxed.pdb	equine arteritis virus	CAC42776.1
human_coronavirus_HKU1_CF-AAT98578.1.12_10182_relaxed.pdb	human coronavirus HKU1	AAT98578.1.12
rhinovirus_C4_EF-AET72467.1.1.8_10785_relaxed.pdb	rhinovirus C4	AET72467.1.1.8
mamastrovirus_6_CF-ACI62174.1_11470_relaxed.pdb	mamastrovirus 6	ACI62174.1
human_betaherpesvirus_6B;_human_herpesvirus_6B_CF-AAD49630.1_119_relaxed.pdb	human betaherpesvirus 6B; human herpesvirus 6B	AAD49630.1
Modoc_virus_CF-CAC82912.1.1.2_7184_relaxed.pdb	Modoc virus	CAC82912.1.1.2
Munguba_virus_CF-AEL29659.1_9808_relaxed.pdb	Munguba virus	AEL29659.1
Mayaro_virus_CF-AAL79763.1.1.3_6756_relaxed.pdb	Mayaro virus	AAL79763.1.1.3
cowpox_virus_CF-ADC53982.1_12020_relaxed.pdb	cowpox virus	ADC53982.1
human_betaherpesvirus_5;_human_cytomegalovirus_CF-AAR31699.1_100_relaxed.pdb	human betaherpesvirus 5; human cytomegalovirus	AAR31699.1
human_adenovirus_3_CF-AFK92560.1_12201_relaxed.pdb	human adenovirus 3	AFK92560.1
cowpox_virus_CF-ADC54024.1_12020_relaxed.pdb	cowpox virus	ADC54024.1
monkeypox_virus_CF-AAL40460.1_12009_relaxed.pdb	monkeypox virus	AAL40460.1
human_betaherpesvirus_6B;_human_herpesvirus_6B_CF-AAD49620.1_119_relaxed.pdb	human betaherpesvirus 6B; human herpesvirus 6B	AAD49620.1
mamastrovirus_6_CF-ACI62173.1_11470_relaxed.pdb	mamastrovirus 6	ACI62173.1
Tembusu_virus_CF-AEJ87340.1.1.9_7202_relaxed.pdb	Tembusu virus	AEJ87340.1.1.9
rhinovirus_C4_CF-AHK24839.1.1.5_10783_relaxed.pdb	rhinovirus C4	AHK24839.1.1.5
cowpox_virus_CF-ADC53999.1_12020_relaxed.pdb	cowpox virus	ADC53999.1
human_coronavirus_OC43_CF-AAT84351.1.1.28_10180_relaxed.pdb	human coronavirus OC43	AAT84351.1.1.28
human_parainfluenza_virus_4a_CF-BAJ11746.1_8844_relaxed.pdb	human parainfluenza virus 4a	BAJ11746.1
Akhmeta_virus_CF-AXN74964.1_12005_relaxed.pdb	Akhmeta virus	AXN74964.1
cercopithecine_betaherpesvirus_5;_simian_cytomegalovirus_CF-AEV80400.1_99_relaxed.pdb	cercopithecine betaherpesvirus 5; simian cytomegalovirus	AEV80400.1
human_papillomavirus_1_EF-ADR77923.1_4707_relaxed.pdb	human papillomavirus 1	ADR77923.1
o'nyong-nyong_virus_CF-AAC97204.1.1.3_6762_relaxed.pdb	o'nyong-nyong virus	AAC97204.1.1.3
human_papillomavirus_1_CF-AEA35078.1_4575_relaxed.pdb	human papillomavirus 1	AEA35078.1
human_betaherpesvirus_6A;_human_herpesvirus_6A_CF-SPC53497.1_118_relaxed.pdb	human betaherpesvirus 6A; human herpesvirus 6A	SPC53497.1
Langat_virus_CF-AAF75259.1.1_7175_relaxed.pdb	Langat virus	AAF75259.1.1
Munguba_virus_CF-AEL29657.1.1.3_9808_relaxed.pdb	Munguba virus	AEL29657.1.1.3
Guaroa_virus_CF-AKC42519.1.1.2_9550_relaxed.pdb	Guaroa virus	AKC42519.1.1.2
severe_acute_respiratory_syndrome_coronavirus_CF-QHD43420.1_10195_relaxed.pdb	severe acute respiratory syndrome coronavirus	QHD43420.1
human_coronavirus_NL63_CF-AAS58179.1_10175_relaxed.pdb	human coronavirus NL63	AAS58179.1
Mosso_das_Pedras_virus;_Venezuelan_equine_encephalitis_virus_IF_CF-AAD14562.1.3_6759_relaxed.pdb	Mosso das Pedras virus; Venezuelan equine encephalitis virus IF	AAD14562.1.3
enterovirus_A114_CF-ANN47501.1.1.6_10484_relaxed.pdb	enterovirus A114	ANN47501.1.1.6
coxsackievirus_A2_CF-AAQ02683.1.5_10570_relaxed.pdb	coxsackievirus A2	AAQ02683.1.5
rhinovirus_C1_CF-ACZ67658.1.1.4_10757_relaxed.pdb	rhinovirus C1	ACZ67658.1.1.4
torque_teno_mini_virus_1_CF-AZK35812.1_12568_relaxed.pdb	torque teno mini virus 1	AZK35812.1
rhinovirus_A1_CF-ACK37375.1.1.6_10646_relaxed.pdb	rhinovirus A1	ACK37375.1.1.6
human_papillomavirus_172_EF-AHC00344.1_4723_relaxed.pdb	human papillomavirus 172	AHC00344.1
human_adenovirus_3_CF-ACY04472.1_12202_relaxed.pdb	human adenovirus 3	ACY04472.1
aichivirus_B1;_bovine_kobuvirus_CF-BAC23066.1.1_10862_relaxed.pdb	aichivirus B1; bovine kobuvirus	BAC23066.1.1
rotavirus_C_CF-CAA55958.1_6455_relaxed.pdb	rotavirus C	CAA55958.1
simian_foamy_virus_Pan_troglodytes_schweinfurthii_CF-AQM52257.1_11781_relaxed.pdb	simian foamy virus Pan troglodytes schweinfurthii	AQM52257.1
orf_virus_CF-AAR98325.1_12019_relaxed.pdb	orf virus	AAR98325.1
rhinovirus_A1_CF-ABO69521.1.1.1_10706_relaxed.pdb	rhinovirus A1	ABO69521.1.1.1
Uukuniemi_virus_CF-BAA01590.1.1.1_9877_relaxed.pdb	Uukuniemi virus	BAA01590.1.1.1
monkeypox_virus_CF-AAL40607.1_12009_relaxed.pdb	monkeypox virus	AAL40607.1
louping_ill_virus_CF-CAA69190.1.9_7177_relaxed.pdb	louping ill virus	CAA69190.1.9
Akhmeta_virus_CF-AXN74915.1_12005_relaxed.pdb	Akhmeta virus	AXN74915.1
human_coronavirus_HKU1_CF-AAT98578.1.1.24_10182_relaxed.pdb	human coronavirus HKU1	AAT98578.1.1.24
human_papillomavirus_187_CF-ANG08961.1_4728_relaxed.pdb	human papillomavirus 187	ANG08961.1
Yaba_monkey_tumor_virus_CF-AAR07442.1_12029_relaxed.pdb	Yaba monkey tumor virus	AAR07442.1
human_papillomavirus_1_CF-ACD67924.1_4736_relaxed.pdb	human papillomavirus 1	ACD67924.1
rhinovirus_A1_CF-ABF51192.1.2_10639_relaxed.pdb	rhinovirus A1	ABF51192.1.2
cosavirus_A1_CF-AFJ04547.1_10398_relaxed.pdb	cosavirus A1	AFJ04547.1
human_alphaherpesvirus_3;_varicella-zoster_virus_CF-CAA27952.1_93_relaxed.pdb	human alphaherpesvirus 3; varicella-zoster virus	CAA27952.1
orf_virus_CF-AAR98348.1_12019_relaxed.pdb	orf virus	AAR98348.1
rhinovirus_A1_CF-ACT89355.1.8_10705_relaxed.pdb	rhinovirus A1	ACT89355.1.8
Oropouche_virus_CF-AAP69950.1_9621_relaxed.pdb	Oropouche virus	AAP69950.1
primate_T-lymphotropic_virus_2_CF-AAB59884.1_11741_relaxed.pdb	primate T-lymphotropic virus 2	AAB59884.1
molluscum_contagiosum_virus_CF-AAC55176.1_12002_relaxed.pdb	molluscum contagiosum virus	AAC55176.1
bat_adenovirus_4_CF-AMB43062.1_12126_relaxed.pdb	bat adenovirus 4	AMB43062.1
cowpox_virus_CF-AAM13554.1_12007_relaxed.pdb	cowpox virus	AAM13554.1
human_adenovirus_4_CF-ABO61305.1_12212_relaxed.pdb	human adenovirus 4	ABO61305.1
mamastrovirus_1_CF-ACN88711.1_11458_relaxed.pdb	mamastrovirus 1	ACN88711.1
tick-borne_encephalitis_virus-European_subtype_CF-AAA86870.1.1.4_7155_relaxed.pdb	tick-borne encephalitis virus-European subtype	AAA86870.1.1.4
Akhmeta_virus_CF-AXN74946.1_12005_relaxed.pdb	Akhmeta virus	AXN74946.1
yaba-like_disease_virus_CF-CAC21346.1_12027_relaxed.pdb	yaba-like disease virus	CAC21346.1
vaccinia_virus_CF-AAO89481.1_12013_relaxed.pdb	vaccinia virus	AAO89481.1
rhinovirus_B3_CF-ABF51181.1.5_10721_relaxed.pdb	rhinovirus B3	ABF51181.1.5
o'nyong-nyong_virus_CF-AAC97206.1.1.5_6764_relaxed.pdb	o'nyong-nyong virus	AAC97206.1.1.5
human_adenovirus_3_CF-AFK92500.1_12200_relaxed.pdb	human adenovirus 3	AFK92500.1
human_coronavirus_229E_CF-AAG48591.1.1.6_10159_relaxed.pdb	human coronavirus 229E	AAG48591.1.1.6
sandfly_fever_Sicilian_virus_CF-AEB97382.1_9834_relaxed.pdb	sandfly fever Sicilian virus	AEB97382.1
Murray_Valley_encephalitis_virus_CF-AAF05296.1.1.4_7186_relaxed.pdb	Murray Valley encephalitis virus	AAF05296.1.1.4
human_adenovirus_4_CF-ACH90453.1_12232_relaxed.pdb	human adenovirus 4	ACH90453.1
torque_teno_virus_1_CF-BAB18902.1_12546_relaxed.pdb	torque teno virus 1	BAB18902.1
human_adenovirus_4_CF-AAC13967.1_12231_relaxed.pdb	human adenovirus 4	AAC13967.1
human_coronavirus_229E_CF-AAG48591.1.1.12_10159_relaxed.pdb	human coronavirus 229E	AAG48591.1.1.12
rhinovirus_A1_CF-ACT89355.1.5_10705_relaxed.pdb	rhinovirus A1	ACT89355.1.5
orf_virus_CF-AAR98275.1_12019_relaxed.pdb	orf virus	AAR98275.1
Langat_virus_CF-AAF75259.1.1.3_7175_relaxed.pdb	Langat virus	AAF75259.1.1.3
Tula_virus_CF-CAA06640.1.1.2_9398_relaxed.pdb	Tula virus	CAA06640.1.1.2
human_adenovirus_3_EF-ABK59079.1_12203_relaxed.pdb	human adenovirus 3	ABK59079.1
monkeypox_virus_CF-AAL40522.1_12009_relaxed.pdb	monkeypox virus	AAL40522.1
bat_adenovirus_3_CF-ADD17099.1_12123_relaxed.pdb	bat adenovirus 3	ADD17099.1
torque_teno_virus_CF-BAB79357.1_12544_relaxed.pdb	torque teno virus	BAB79357.1
monkeypox_virus_CF-AAL40629.1_12009_relaxed.pdb	monkeypox virus	AAL40629.1
gyrovirus_GyV3_CF-AFE62000.1_12631_relaxed.pdb	gyrovirus GyV3	AFE62000.1
macacine_alphaherpesvirus_2;_lion-tailed_macaque_herpesvirus_1_CF-ARS01675.1_67_relaxed.pdb	macacine alphaherpesvirus 2; lion-tailed macaque herpesvirus 1	ARS01675.1
Tembusu_virus_CF-AEJ87340.1.1.11_7202_relaxed.pdb	Tembusu virus	AEJ87340.1.1.11
human_alphaherpesvirus_2;_herpes_simplex_virus_type_2_CF-AEV91388.1_64_relaxed.pdb	human alphaherpesvirus 2; herpes simplex virus type 2	AEV91388.1
vaccinia_virus_CF-AAO89471.1_12013_relaxed.pdb	vaccinia virus	AAO89471.1
poliovirus_1_CF-CAA24465.1.3_10557_relaxed.pdb	poliovirus 1	CAA24465.1.3
human_adenovirus_4_CF-AFK92704.1_12206_relaxed.pdb	human adenovirus 4	AFK92704.1
human_papillomavirus_1_EF-ADQ85954.1_4709_relaxed.pdb	human papillomavirus 1	ADQ85954.1
human_papillomavirus_1_EF-ADH29800.1_4594_relaxed.pdb	human papillomavirus 1	ADH29800.1
human_adenovirus_4_CF-AFK92694.1_12206_relaxed.pdb	human adenovirus 4	AFK92694.1
torque_teno_virus_CF-AAK27697.1_12553_relaxed.pdb	torque teno virus	AAK27697.1
human_adenovirus_3_CF-AFK92629.1_12204_relaxed.pdb	human adenovirus 3	AFK92629.1
Murray_Valley_encephalitis_virus_CF-AAF05296.1.1.3_7186_relaxed.pdb	Murray Valley encephalitis virus	AAF05296.1.1.3
Nipah_virus_EF-AAK29087.1_8808_relaxed.pdb	Nipah virus	AAK29087.1
Yaba_monkey_tumor_virus_CF-AAR07439.1_12029_relaxed.pdb	Yaba monkey tumor virus	AAR07439.1
rosavirus_A2_CF-AHX84172.1.1.2_10899_relaxed.pdb	rosavirus A2	AHX84172.1.1.2
Akhmeta_virus_CF-AXN74841.1_12005_relaxed.pdb	Akhmeta virus	AXN74841.1
monkeypox_virus_CF-AAL40590.1_12009_relaxed.pdb	monkeypox virus	AAL40590.1
torque_teno_mini_virus_5_CF-BAB19324.1_12596_relaxed.pdb	torque teno mini virus 5	BAB19324.1
rhinovirus_C1_CF-ACR14890.2.1.1_10753_relaxed.pdb	rhinovirus C1	ACR14890.2.1.1
Ebola_virus_CF-AAD14590.1_8655_relaxed.pdb	Ebola virus	AAD14590.1
severe_acute_respiratory_syndrome_coronavirus_CF-AAP41036.1.1.4_10193_relaxed.pdb	severe acute respiratory syndrome coronavirus	AAP41036.1.1.4
dengue_virus_type_1_CF-AAB70695.1.9_7151_relaxed.pdb	dengue virus type 1	AAB70695.1.9
human_alphaherpesvirus_2;_herpes_simplex_virus_type_2_CF-AEV91403.1_64_relaxed.pdb	human alphaherpesvirus 2; herpes simplex virus type 2	AEV91403.1
torque_teno_virus_CF-ATX61878.1_12680_relaxed.pdb	torque teno virus	ATX61878.1
coxsackievirus_A2_CF-AAQ02684.1.1.1_10569_relaxed.pdb	coxsackievirus A2	AAQ02684.1.1.1
Trichodysplasia_spinulosa-associated_polyomavirus_CF-ADK12663.1_4386_relaxed.pdb	Trichodysplasia spinulosa-associated polyomavirus	ADK12663.1
human_adenovirus_2_EF-ACR81620.1_12191_relaxed.pdb	human adenovirus 2	ACR81620.1
orf_virus_EF-AAR98230.1_12019_relaxed.pdb	orf virus	AAR98230.1
GB_virus-B_CF-AAC54059.1.1.4_7130_relaxed.pdb	GB virus-B	AAC54059.1.1.4
rhinovirus_A1_CF-ACT89355.1.2_10705_relaxed.pdb	rhinovirus A1	ACT89355.1.2
Akhmeta_virus_CF-AXN74941.1_12005_relaxed.pdb	Akhmeta virus	AXN74941.1
human_associated_cyclovirus_1_CF-AIF75267.1_5122_relaxed.pdb	human associated cyclovirus 1	AIF75267.1
human_alphaherpesvirus_3;_varicella-zoster_virus_CF-CAA27898.1_93_relaxed.pdb	human alphaherpesvirus 3; varicella-zoster virus	CAA27898.1
Bundibugyo_virus_CF-ACI28620.1_8651_relaxed.pdb	Bundibugyo virus	ACI28620.1
hepatitis_D_virus_4_CF-AAC40831.1_11832_relaxed.pdb	hepatitis D virus 4	AAC40831.1
human_betaherpesvirus_6A;_human_herpesvirus_6A_CF-CAA58417.1_118_relaxed.pdb	human betaherpesvirus 6A; human herpesvirus 6A	CAA58417.1
Yaba_monkey_tumor_virus_CF-AAR07421.1_12029_relaxed.pdb	Yaba monkey tumor virus	AAR07421.1
human_adenovirus_12_CF-CAA51899.1_12147_relaxed.pdb	human adenovirus 12	CAA51899.1
human_betaherpesvirus_5;_human_cytomegalovirus_CF-AEJ33666.1_100_relaxed.pdb	human betaherpesvirus 5; human cytomegalovirus	AEJ33666.1
louping_ill_virus_CF-CAA69190.1.1.3_7177_relaxed.pdb	louping ill virus	CAA69190.1.1.3
monkeypox_virus_CF-AAL40466.1_12009_relaxed.pdb	monkeypox virus	AAL40466.1
human_alphaherpesvirus_3;_varicella-zoster_virus_CF-CAA27892.1_93_relaxed.pdb	human alphaherpesvirus 3; varicella-zoster virus	CAA27892.1
Akhmeta_virus_CF-AXN74938.1_12005_relaxed.pdb	Akhmeta virus	AXN74938.1
human_parainfluenza_virus_4a_CF-BAJ11747.1.1.1_8844_relaxed.pdb	human parainfluenza virus 4a	BAJ11747.1.1.1
hepatitis_C_virus_genotype_5a_CF-CAA73640.1.1.10_7121_relaxed.pdb	hepatitis C virus genotype 5a	CAA73640.1.1.10
rhinovirus_B14_CF-AAA45756.1.1.8_10717_relaxed.pdb	rhinovirus B14	AAA45756.1.1.8
tick-borne_encephalitis_virus-European_subtype_CF-AAA86870.1.1.6_7155_relaxed.pdb	tick-borne encephalitis virus-European subtype	AAA86870.1.1.6
human_adenovirus_3_CF-AFK92563.1_12201_relaxed.pdb	human adenovirus 3	AFK92563.1
monkeypox_virus_CF-AAL40516.1_12009_relaxed.pdb	monkeypox virus	AAL40516.1
rhinovirus_C4_CF-ABU62848.1.1_10746_relaxed.pdb	rhinovirus C4	ABU62848.1.1
measles_virus_CF-BAA35122.1.1.1_8828_relaxed.pdb	measles virus	BAA35122.1.1.1
macacine_alphaherpesvirus_1;_B-virus_CF-AAP41444.1_66_relaxed.pdb	macacine alphaherpesvirus 1; B-virus	AAP41444.1
Sudan_virus_CF-AAU43886.1_8653_relaxed.pdb	Sudan virus	AAU43886.1
human_adenovirus_2_CF-AFK92469.1_12198_relaxed.pdb	human adenovirus 2	AFK92469.1
cowpox_virus_CF-AAM13580.1_12007_relaxed.pdb	cowpox virus	AAM13580.1
aichivirus_A1;_Aichi_virus_1_CF-BAB62889.1.1.5_10852_relaxed.pdb	aichivirus A1; Aichi virus 1	BAB62889.1.1.5
rotavirus_H_CF-AAZ03488.1_6459_relaxed.pdb	rotavirus H	AAZ03488.1
human_betaherpesvirus_5;_human_cytomegalovirus_CF-AAR31617.1_100_relaxed.pdb	human betaherpesvirus 5; human cytomegalovirus	AAR31617.1
Hendra_virus_CF-AAC83191.2_8806_relaxed.pdb	Hendra virus	AAC83191.2
human_papillomavirus_1_EF-AEM24623.1_4741_relaxed.pdb	human papillomavirus 1	AEM24623.1
cardiovirus_A1;_encephalomyocarditis_virus_1_CF-AAA43037.1.1.1_10358_relaxed.pdb	cardiovirus A1; encephalomyocarditis virus 1	AAA43037.1.1.1
human_adenovirus_2_CF-AFK92472.1_12198_relaxed.pdb	human adenovirus 2	AFK92472.1
torque_teno_virus_10_CF-BAB79356.1_12544_relaxed.pdb	torque teno virus 10	BAB79356.1
macacine_alphaherpesvirus_3;_pig-tailed_macaque_herpesvirus_1_CF-ARS01828.1_68_relaxed.pdb	macacine alphaherpesvirus 3; pig-tailed macaque herpesvirus 1	ARS01828.1
human_papillomavirus_1_EF-CAW42273.1_4592_relaxed.pdb	human papillomavirus 1	CAW42273.1
monkeypox_virus_CF-AAL40489.1_12009_relaxed.pdb	monkeypox virus	AAL40489.1
cosavirus_D1_EF-ACL15191.1.5_10408_relaxed.pdb	cosavirus D1	ACL15191.1.5
human_parainfluenza_virus_3_CF-ABY47607.1.1.1_8839_relaxed.pdb	human parainfluenza virus 3	ABY47607.1.1.1
human_gammaherpesvirus_4;_Epstein-Barr_virus_CF-CAD53446.1_127_relaxed.pdb	human gammaherpesvirus 4; Epstein-Barr virus	CAD53446.1
rhinovirus_A1_CF-ABO69371.1.1.4_10641_relaxed.pdb	rhinovirus A1	ABO69371.1.1.4
vespertilionid_gammaherpesvirus_1;_bat_gammaherpesvirus_8_CF-AMA67390.1_152_relaxed.pdb	vespertilionid gammaherpesvirus 1; bat gammaherpesvirus 8	AMA67390.1
rabies_virus_CF-AEM64013.1_96_relaxed.pdb	rabies virus	AEM64013.1
monkeypox_virus_CF-AAL40633.1_12009_relaxed.pdb	monkeypox virus	AAL40633.1
human_alphaherpesvirus_2;_herpes_simplex_virus_type_2_CF-AEV91378.1_64_relaxed.pdb	human alphaherpesvirus 2; herpes simplex virus type 2	AEV91378.1
variola_virus_CF-CAA49135.1_12014_relaxed.pdb	variola virus	CAA49135.1
human_papillomavirus_1_CF-AEM24613.1_4713_relaxed.pdb	human papillomavirus 1	AEM24613.1
human_betaherpesvirus_7;_human_herpesvirus_7_CF-AAC40737.1_120_relaxed.pdb	human betaherpesvirus 7; human herpesvirus 7	AAC40737.1
monkeypox_virus_CF-AAL40602.1_12009_relaxed.pdb	monkeypox virus	AAL40602.1
torque_teno_virus_CF-AHN14831.1_12684_relaxed.pdb	torque teno virus	AHN14831.1
Akhmeta_virus_CF-AXN74869.1_12005_relaxed.pdb	Akhmeta virus	AXN74869.1
human_papillomavirus_10_CF-AAZ39485.1_4734_relaxed.pdb	human papillomavirus 10	AAZ39485.1
Great_Island_virus_CF-ADM88601.1_6437_relaxed.pdb	Great Island virus	ADM88601.1
human_betaherpesvirus_5;_human_cytomegalovirus_CF-AAR31649.1_100_relaxed.pdb	human betaherpesvirus 5; human cytomegalovirus	AAR31649.1
Sudan_virus_CF-AAU43885.1_8653_relaxed.pdb	Sudan virus	AAU43885.1
vaccinia_virus_CF-AAO89397.1_12013_relaxed.pdb	vaccinia virus	AAO89397.1
yaba-like_disease_virus_CF-CAC21275.1_12027_relaxed.pdb	yaba-like disease virus	CAC21275.1
Banna_virus_CF-AAC72038.1_6464_relaxed.pdb	Banna virus	AAC72038.1
Toscana_virus_CF-CAA48478.1.1.1_9841_relaxed.pdb	Toscana virus	CAA48478.1.1.1
Akhmeta_virus_CF-AXN74858.1_12005_relaxed.pdb	Akhmeta virus	AXN74858.1
human_betaherpesvirus_5;_human_cytomegalovirus_CF-AAR31621.1_100_relaxed.pdb	human betaherpesvirus 5; human cytomegalovirus	AAR31621.1
torque_teno_virus_25_CF-BAB19314.1_12542_relaxed.pdb	torque teno virus 25	BAB19314.1
Tonate_virus;_Venezuelan_equine_encephalitis_virus_IIIB_CF-AAD14556.1.1.1_6778_relaxed.pdb	Tonate virus; Venezuelan equine encephalitis virus IIIB	AAD14556.1.1.1
human_adenovirus_9_CF-CAI05989.1_12183_relaxed.pdb	human adenovirus 9	CAI05989.1
human_adenovirus_4_CF-AFK92829.1_12209_relaxed.pdb	human adenovirus 4	AFK92829.1
orf_virus_CF-AAR98333.1_12019_relaxed.pdb	orf virus	AAR98333.1
human_adenovirus_2_CF-ACQ91146.1_12197_relaxed.pdb	human adenovirus 2	ACQ91146.1
variola_virus_CF-CAA48948.1_12014_relaxed.pdb	variola virus	CAA48948.1
human_papillomavirus_6_CF-AAR32247.1_4531_relaxed.pdb	human papillomavirus 6	AAR32247.1
cowpox_virus_CF-AAM13565.1_12007_relaxed.pdb	cowpox virus	AAM13565.1
human_adenovirus_3_CF-ACY04488.1_12202_relaxed.pdb	human adenovirus 3	ACY04488.1
louping_ill_virus_CF-CAA69190.1.4_7177_relaxed.pdb	louping ill virus	CAA69190.1.4
macacine_alphaherpesvirus_3;_pig-tailed_macaque_herpesvirus_1_CF-ARS01827.1_68_relaxed.pdb	macacine alphaherpesvirus 3; pig-tailed macaque herpesvirus 1	ARS01827.1
human_adenovirus_2_CF-AFK92268.1_12190_relaxed.pdb	human adenovirus 2	AFK92268.1
human_alphaherpesvirus_1;_herpes_simplex_virus_type_1_CF-AEQ77087.1_63_relaxed.pdb	human alphaherpesvirus 1; herpes simplex virus type 1	AEQ77087.1
torque_teno_virus_5_CF-AAK11701.1_12559_relaxed.pdb	torque teno virus 5	AAK11701.1
human_adenovirus_4_CF-AAX70955.1_12210_relaxed.pdb	human adenovirus 4	AAX70955.1
rhinovirus_B3_CF-ABO69379.1.1.1_10722_relaxed.pdb	rhinovirus B3	ABO69379.1.1.1
rhinovirus_A1_CF-ACK37375.1.4_10646_relaxed.pdb	rhinovirus A1	ACK37375.1.4
human_coronavirus_229E_CF-AAG48591.1.1.23_10159_relaxed.pdb	human coronavirus 229E	AAG48591.1.1.23
rhinovirus_A1_CF-ABF51192.1.8_10639_relaxed.pdb	rhinovirus A1	ABF51192.1.8
vespertilionid_gammaherpesvirus_1;_bat_gammaherpesvirus_8_CF-AMA67396.1_152_relaxed.pdb	vespertilionid gammaherpesvirus 1; bat gammaherpesvirus 8	AMA67396.1
Yaba_monkey_tumor_virus_CF-AAR07418.1_12029_relaxed.pdb	Yaba monkey tumor virus	AAR07418.1
cardiovirus_A1;_encephalomyocarditis_virus_1_CF-AAA43037.1.1.8_10358_relaxed.pdb	cardiovirus A1; encephalomyocarditis virus 1	AAA43037.1.1.8
Ekpoma_virus_1_CF-AJN08916.1_9052_relaxed.pdb	Ekpoma virus 1	AJN08916.1
variola_virus_CF-CAA49104.1_12014_relaxed.pdb	variola virus	CAA49104.1
louping_ill_virus_CF-CAA69190.1.1.6_7177_relaxed.pdb	louping ill virus	CAA69190.1.1.6
vesicular_stomatitis_Indiana_virus_CF-AAN16980.1_9072_relaxed.pdb	vesicular stomatitis Indiana virus	AAN16980.1
rotavirus_A_CF-ABG75784.1_6453_relaxed.pdb	rotavirus A	ABG75784.1
Kokobera_virus_CF-AAV34157.1.1.5_7170_relaxed.pdb	Kokobera virus	AAV34157.1.1.5
human_betaherpesvirus_6B;_human_herpesvirus_6B_CF-AAD49619.1_119_relaxed.pdb	human betaherpesvirus 6B; human herpesvirus 6B	AAD49619.1
vaccinia_virus_CF-AAO89343.1_12013_relaxed.pdb	vaccinia virus	AAO89343.1
rhinovirus_A1_CF-ACK37374.1.2_10645_relaxed.pdb	rhinovirus A1	ACK37374.1.2
orf_virus_CF-AAR98356.1_12019_relaxed.pdb	orf virus	AAR98356.1
cowpox_virus_CF-ADC53984.1_12020_relaxed.pdb	cowpox virus	ADC53984.1
human_gammaherpesvirus_4;_Epstein-Barr_virus_CF-CAD53458.1_127_relaxed.pdb	human gammaherpesvirus 4; Epstein-Barr virus	CAD53458.1
macacine_alphaherpesvirus_1;_B-virus_CF-AAP41476.1_66_relaxed.pdb	macacine alphaherpesvirus 1; B-virus	AAP41476.1
macacine_alphaherpesvirus_2;_lion-tailed_macaque_herpesvirus_1_CF-ARS01652.1_67_relaxed.pdb	macacine alphaherpesvirus 2; lion-tailed macaque herpesvirus 1	ARS01652.1
human_papillomavirus_18_CF-ANG08960.1_4728_relaxed.pdb	human papillomavirus 18	ANG08960.1
molluscum_contagiosum_virus_CF-AAC55204.1_12002_relaxed.pdb	molluscum contagiosum virus	AAC55204.1
human_papillomavirus_61_CF-AAA79496.1_4524_relaxed.pdb	human papillomavirus 61	AAA79496.1
human_papillomavirus_5_CF-CAA52597.1_4545_relaxed.pdb	human papillomavirus 5	CAA52597.1
cowpox_virus_CF-ADC53951.1_12020_relaxed.pdb	cowpox virus	ADC53951.1
human_gammaherpesvirus_4;_Epstein-Barr_virus_CF-CAD53421.1_127_relaxed.pdb	human gammaherpesvirus 4; Epstein-Barr virus	CAD53421.1
human_adenovirus_3_CF-ACY04484.1_12202_relaxed.pdb	human adenovirus 3	ACY04484.1
cercopithecine_betaherpesvirus_5;_simian_cytomegalovirus_CF-AEV80518.1_99_relaxed.pdb	cercopithecine betaherpesvirus 5; simian cytomegalovirus	AEV80518.1
human_papillomavirus_1_EF-ADQ85940.1_4738_relaxed.pdb	human papillomavirus 1	ADQ85940.1
rotavirus_H_CF-AAZ03491.1_6459_relaxed.pdb	rotavirus H	AAZ03491.1
human_betaherpesvirus_6B;_human_herpesvirus_6B_CF-AAB06356.1_119_relaxed.pdb	human betaherpesvirus 6B; human herpesvirus 6B	AAB06356.1
rhinovirus_C4_CF-AET72467.1.5_10785_relaxed.pdb	rhinovirus C4	AET72467.1.5
Medjerda_Valley_virus_CF-ALX81177.1_9805_relaxed.pdb	Medjerda Valley virus	ALX81177.1
human_adenovirus_4_CF-AAS66941.1_12218_relaxed.pdb	human adenovirus 4	AAS66941.1
macacine_alphaherpesvirus_3;_pig-tailed_macaque_herpesvirus_1_CF-ARS01795.1_68_relaxed.pdb	macacine alphaherpesvirus 3; pig-tailed macaque herpesvirus 1	ARS01795.1
Yaba_monkey_tumor_virus_CF-AAR07467.1_12029_relaxed.pdb	Yaba monkey tumor virus	AAR07467.1
Seoul_virus_CF-AAB19434.1_9389_relaxed.pdb	Seoul virus	AAB19434.1
human_gammaherpesvirus_4;_Epstein-Barr_virus_CF-CAD53407.1_127_relaxed.pdb	human gammaherpesvirus 4; Epstein-Barr virus	CAD53407.1
cercopithecine_betaherpesvirus_5;_simian_cytomegalovirus_CF-AEV80458.1_99_relaxed.pdb	cercopithecine betaherpesvirus 5; simian cytomegalovirus	AEV80458.1
coxsackievirus_A2_CF-AAR38840.1.1.7_10467_relaxed.pdb	coxsackievirus A2	AAR38840.1.1.7
human_betaherpesvirus_6A;_human_herpesvirus_6A_CF-CAA58405.1_118_relaxed.pdb	human betaherpesvirus 6A; human herpesvirus 6A	CAA58405.1
Sindbis_virus_EF-AAA96976.1.1_6772_relaxed.pdb	Sindbis virus	AAA96976.1.1
human_gammaherpesvirus_8;_Kaposi's_sarcoma-associated_herpesvirus_CF-AAD46500.1_158_relaxed.pdb	human gammaherpesvirus 8; Kaposi's sarcoma-associated herpesvirus	AAD46500.1
Chandipura_virus_CF-ADO63659.1.1.2_9069_relaxed.pdb	Chandipura virus	ADO63659.1.1.2
Modoc_virus_CF-CAC82912.1.9_7184_relaxed.pdb	Modoc virus	CAC82912.1.9
Saumarez_Reef_virus_CF-ABB90674.1.1.9_7200_relaxed.pdb	Saumarez Reef virus	ABB90674.1.1.9
human_adenovirus_11_CF-AAN62490.1_12153_relaxed.pdb	human adenovirus 11	AAN62490.1
human_adenovirus_4_CF-AFK92806.1_12209_relaxed.pdb	human adenovirus 4	AFK92806.1
human_adenovirus_11_CF-AAN62485.1_12153_relaxed.pdb	human adenovirus 11	AAN62485.1
louping_ill_virus_CF-CAA69190.1.3_7177_relaxed.pdb	louping ill virus	CAA69190.1.3
human_adenovirus_4_CF-AFK92778.1_12208_relaxed.pdb	human adenovirus 4	AFK92778.1
Banzi_virus_CF-ABI54472.1.1.15_7142_relaxed.pdb	Banzi virus	ABI54472.1.1.15
human_adenovirus_2_CF-AFK92477.1_12198_relaxed.pdb	human adenovirus 2	AFK92477.1
human_papillomavirus_132_CF-ADQ85963.1_4702_relaxed.pdb	human papillomavirus 132	ADQ85963.1
rhinovirus_A1_CF-ACK37372.1.6_10642_relaxed.pdb	rhinovirus A1	ACK37372.1.6
rhinovirus_A1_CF-ACK37431.1.5_10704_relaxed.pdb	rhinovirus A1	ACK37431.1.5
human_adenovirus_11_CF-AAN62491.1_12153_relaxed.pdb	human adenovirus 11	AAN62491.1
dengue_virus_type_2_CF-AAB58782.1.1.2_7150_relaxed.pdb	dengue virus type 2	AAB58782.1.1.2
torque_teno_midi_virus_6_CF-BAF76078.1_12622_relaxed.pdb	torque teno midi virus 6	BAF76078.1
Munguba_virus_CF-AEL29657.1.1.2_9808_relaxed.pdb	Munguba virus	AEL29657.1.1.2
human_alphaherpesvirus_3;_varicella-zoster_virus_CF-CAA27914.1_93_relaxed.pdb	human alphaherpesvirus 3; varicella-zoster virus	CAA27914.1
cercopithecine_betaherpesvirus_5;_simian_cytomegalovirus_CF-AEV80461.1_99_relaxed.pdb	cercopithecine betaherpesvirus 5; simian cytomegalovirus	AEV80461.1
human_adenovirus_3_CF-AFK92656.1_12205_relaxed.pdb	human adenovirus 3	AFK92656.1
human_betaherpesvirus_6A;_human_herpesvirus_6A_CF-CAA58377.1_118_relaxed.pdb	human betaherpesvirus 6A; human herpesvirus 6A	CAA58377.1
human_papillomavirus_1_CF-AEM24628.1_4694_relaxed.pdb	human papillomavirus 1	AEM24628.1
Alston_virus_CF-AZK31330.1.1.2_8843_relaxed.pdb	Alston virus	AZK31330.1.1.2
cowpox_virus_CF-AAM13603.1_12007_relaxed.pdb	cowpox virus	AAM13603.1
macacine_alphaherpesvirus_2;_lion-tailed_macaque_herpesvirus_1_CF-ARS01702.1_67_relaxed.pdb	macacine alphaherpesvirus 2; lion-tailed macaque herpesvirus 1	ARS01702.1
coxsackievirus_A2_CF-AAR38840.1.4_10467_relaxed.pdb	coxsackievirus A2	AAR38840.1.4
Powassan_virus_CF-AAA02739.1.1.1_7195_relaxed.pdb	Powassan virus	AAA02739.1.1.1
Zika_virus_CF-ARB08102.1.1.8_7211_relaxed.pdb	Zika virus	ARB08102.1.1.8
human_adenovirus_3_EF-ACY04480.1_12202_relaxed.pdb	human adenovirus 3	ACY04480.1
human_gammaherpesvirus_8;_Kaposi's_sarcoma-associated_herpesvirus_CF-ABD28864.1_158_relaxed.pdb	human gammaherpesvirus 8; Kaposi's sarcoma-associated herpesvirus	ABD28864.1
human_papillomavirus_4_CF-CAA52583.1_4606_relaxed.pdb	human papillomavirus 4	CAA52583.1
human_papillomavirus_137_CF-AEM24608.1_4713_relaxed.pdb	human papillomavirus 137	AEM24608.1
rhinovirus_A1_CF-AFD64773.1.3_10710_relaxed.pdb	rhinovirus A1	AFD64773.1.3
human_papillomavirus_10_CF-CAR82085.1_4735_relaxed.pdb	human papillomavirus 10	CAR82085.1
louping_ill_virus_CF-CAA69190.1.1.1_7177_relaxed.pdb	louping ill virus	CAA69190.1.1.1
human_papillomavirus_10_CF-AAZ39521.1_4532_relaxed.pdb	human papillomavirus 10	AAZ39521.1
orf_virus_CF-AAR98263.1_12019_relaxed.pdb	orf virus	AAR98263.1
yaba-like_disease_virus_CF-CAC21355.1_12027_relaxed.pdb	yaba-like disease virus	CAC21355.1
Zika_virus_CF-AHZ13508.1.1.5_7212_relaxed.pdb	Zika virus	AHZ13508.1.1.5
human_coronavirus_OC43_CF-AAT84351.1.1.4_10180_relaxed.pdb	human coronavirus OC43	AAT84351.1.1.4
rhinovirus_B3_CF-ABF51181.1.1.9_10721_relaxed.pdb	rhinovirus B3	ABF51181.1.1.9
Banna_virus_CF-AAF78858.1_6462_relaxed.pdb	Banna virus	AAF78858.1
cowpox_virus_CF-AAM13541.1_12007_relaxed.pdb	cowpox virus	AAM13541.1
Almpiwar_virus_CF-AHY85660.1.1.3_9027_relaxed.pdb	Almpiwar virus	AHY85660.1.1.3
human_alphaherpesvirus_3;_varicella-zoster_virus_CF-CAA27894.1_93_relaxed.pdb	human alphaherpesvirus 3; varicella-zoster virus	CAA27894.1
Akhmeta_virus_CF-AXN74790.1_12005_relaxed.pdb	Akhmeta virus	AXN74790.1
variola_virus_CF-CAA49028.1_12014_relaxed.pdb	variola virus	CAA49028.1
human_coronavirus_229E_CF-AAG48590.1.1.11_10159_relaxed.pdb	human coronavirus 229E	AAG48590.1.1.11
rhinovirus_A1_CF-AEP69150.1.8_10708_relaxed.pdb	rhinovirus A1	AEP69150.1.8
torque_teno_mini_virus_ALH8_CF-AIK19238.1_12570_relaxed.pdb	torque teno mini virus ALH8	AIK19238.1
macacine_alphaherpesvirus_1;_B-virus_CF-AAP41431.1_66_relaxed.pdb	macacine alphaherpesvirus 1; B-virus	AAP41431.1
cosavirus_B1_CF-ACL15190.1.1.4_10407_relaxed.pdb	cosavirus B1	ACL15190.1.1.4
human_adenovirus_3_CF-AAW33494.1_12157_relaxed.pdb	human adenovirus 3	AAW33494.1
human_papillomavirus_1_CF-CAW42270.1_4592_relaxed.pdb	human papillomavirus 1	CAW42270.1
yellow_fever_virus_CF-CAA27332.1.6_7160_relaxed.pdb	yellow fever virus	CAA27332.1.6
rhinovirus_A1_CF-ABO69370.1.1.8_10640_relaxed.pdb	rhinovirus A1	ABO69370.1.1.8
cercopithecine_betaherpesvirus_5;_simian_cytomegalovirus_CF-AEV80395.1_99_relaxed.pdb	cercopithecine betaherpesvirus 5; simian cytomegalovirus	AEV80395.1
human_associated_cyclovirus_1_EF-AIF75268.1_5122_relaxed.pdb	human associated cyclovirus 1	AIF75268.1
human_papillomavirus_5_EF-AAA79190.1_4509_relaxed.pdb	human papillomavirus 5	AAA79190.1
dengue_virus_type_1_CF-AAB70695.1.1.5_7151_relaxed.pdb	dengue virus type 1	AAB70695.1.1.5
human_papillomavirus_1_CF-AFV27114.1_4721_relaxed.pdb	human papillomavirus 1	AFV27114.1
human_adenovirus_2_CF-AFK92424.1_12196_relaxed.pdb	human adenovirus 2	AFK92424.1
simian_foamy_virus_Chlorocebus_aethiops_CF-AAA47797.1_11782_relaxed.pdb	simian foamy virus Chlorocebus aethiops	AAA47797.1
human_coronavirus_OC43_CF-AAT84351.1.8_10180_relaxed.pdb	human coronavirus OC43	AAT84351.1.8
louping_ill_virus_CF-ABB90676.1.1.1_7180_relaxed.pdb	louping ill virus	ABB90676.1.1.1
macacine_alphaherpesvirus_2;_lion-tailed_macaque_herpesvirus_1_CF-ARS01637.1_67_relaxed.pdb	macacine alphaherpesvirus 2; lion-tailed macaque herpesvirus 1	ARS01637.1
Quaranfil_virus_CF-ACY56278.1_9924_relaxed.pdb	Quaranfil virus	ACY56278.1
human_adenovirus_3_CF-CAO78650.1_12149_relaxed.pdb	human adenovirus 3	CAO78650.1
human_parainfluenza_virus_4a_CF-BAJ11747.1.1.2_8844_relaxed.pdb	human parainfluenza virus 4a	BAJ11747.1.1.2
rabies_virus_CF-AEM64005.1_96_relaxed.pdb	rabies virus	AEM64005.1
cutavirus_\(human\)_CF-AMS35095.1_4988_relaxed.pdb	cutavirus \(human\)	AMS35095.1
human_papillomavirus_1_EF-CDI44919.1_4727_relaxed.pdb	human papillomavirus 1	CDI44919.1
human_adenovirus_3_CF-CAO78656.1_12149_relaxed.pdb	human adenovirus 3	CAO78656.1
human_gammaherpesvirus_4;_Epstein-Barr_virus_CF-CAD53473.1_127_relaxed.pdb	human gammaherpesvirus 4; Epstein-Barr virus	CAD53473.1
Banna_virus_CF-AAF78855.1_6462_relaxed.pdb	Banna virus	AAF78855.1
Gemycircularvirus_sp._CF-ARO38290.1_6188_relaxed.pdb	Gemycircularvirus sp.	ARO38290.1
macacine_alphaherpesvirus_3;_pig-tailed_macaque_herpesvirus_1_CF-ARS01835.1_68_relaxed.pdb	macacine alphaherpesvirus 3; pig-tailed macaque herpesvirus 1	ARS01835.1
cowpox_virus_CF-ADC53945.1_12020_relaxed.pdb	cowpox virus	ADC53945.1
Yaba_monkey_tumor_virus_CF-AAR07462.1_12029_relaxed.pdb	Yaba monkey tumor virus	AAR07462.1
human_adenovirus_3_CF-AFK92606.1_12204_relaxed.pdb	human adenovirus 3	AFK92606.1
Wesselsbron_virus_CF-ACH70606.1.1.4_7207_relaxed.pdb	Wesselsbron virus	ACH70606.1.1.4
human_adenovirus_9_CF-CAI05964.1_12183_relaxed.pdb	human adenovirus 9	CAI05964.1
Sudan_virus_CF-AAU43883.1_8653_relaxed.pdb	Sudan virus	AAU43883.1
human_coronavirus_NL63_CF-AAS58176.2.1.11_10175_relaxed.pdb	human coronavirus NL63	AAS58176.2.1.11
human_immunodeficiency_virus_2_CF-AAB00741.1_11769_relaxed.pdb	human immunodeficiency virus 2	AAB00741.1
human_betaherpesvirus_6A;_human_herpesvirus_6A_CF-CAA58330.1_118_relaxed.pdb	human betaherpesvirus 6A; human herpesvirus 6A	CAA58330.1
severe_acute_respiratory_syndrome_coronavirus_CF-AAP41036.1.1.1_10193_relaxed.pdb	severe acute respiratory syndrome coronavirus	AAP41036.1.1.1
human_betaherpesvirus_5;_human_cytomegalovirus_CF-AAR31719.1_100_relaxed.pdb	human betaherpesvirus 5; human cytomegalovirus	AAR31719.1
coxsackievirus_B1_CF-AAC00531.1.1.1_10493_relaxed.pdb	coxsackievirus B1	AAC00531.1.1.1
cercopithecine_betaherpesvirus_5;_simian_cytomegalovirus_CF-AEV80535.1_99_relaxed.pdb	cercopithecine betaherpesvirus 5; simian cytomegalovirus	AEV80535.1
severe_acute_respiratory_syndrome_coronavirus_CF-AAP41036.1.1.9_10193_relaxed.pdb	severe acute respiratory syndrome coronavirus	AAP41036.1.1.9
human_papillomavirus_1_EF-AAZ39516.1_4512_relaxed.pdb	human papillomavirus 1	AAZ39516.1
human_adenovirus_2_CF-AFK92337.1_12193_relaxed.pdb	human adenovirus 2	AFK92337.1
rhinovirus_A1_CF-BAA00168.1.8_10634_relaxed.pdb	rhinovirus A1	BAA00168.1.8
macacine_alphaherpesvirus_1;_B-virus_CF-AAP41430.1_66_relaxed.pdb	macacine alphaherpesvirus 1; B-virus	AAP41430.1
human_adenovirus_2_CF-AFK92295.1_12192_relaxed.pdb	human adenovirus 2	AFK92295.1
parainfluenza_virus_5_CF-AAC95513.1_8847_relaxed.pdb	parainfluenza virus 5	AAC95513.1
torque_teno_virus_3_CF-AJP36571.1_12540_relaxed.pdb	torque teno virus 3	AJP36571.1
yaba-like_disease_virus_CF-CAC21340.1_12027_relaxed.pdb	yaba-like disease virus	CAC21340.1
Colorado_tick_fever_virus_CF-AAG34362.1_6478_relaxed.pdb	Colorado tick fever virus	AAG34362.1
cosavirus_B1_CF-ACL15190.1.6_10407_relaxed.pdb	cosavirus B1	ACL15190.1.6
Gadgets_Gully_virus_CF-ABB90669.1.1.9_7161_relaxed.pdb	Gadgets Gully virus	ABB90669.1.1.9
human_papillomavirus_1_EF-CBD35696.1_4517_relaxed.pdb	human papillomavirus 1	CBD35696.1
human_papillomavirus_6_EF-AAR32248.1_4531_relaxed.pdb	human papillomavirus 6	AAR32248.1
cowpox_virus_CF-AAM13569.1_12007_relaxed.pdb	cowpox virus	AAM13569.1
human_papillomavirus_1_CF-AAZ39524.1_4532_relaxed.pdb	human papillomavirus 1	AAZ39524.1
cowpox_virus_CF-AAM13525.1_12007_relaxed.pdb	cowpox virus	AAM13525.1
human_alphaherpesvirus_3;_varicella-zoster_virus_CF-CAA27891.1_93_relaxed.pdb	human alphaherpesvirus 3; varicella-zoster virus	CAA27891.1
human_papillomavirus_1_CF-ACV30152.1_4571_relaxed.pdb	human papillomavirus 1	ACV30152.1
human_betaherpesvirus_7;_human_herpesvirus_7_CF-AAC40755.1_120_relaxed.pdb	human betaherpesvirus 7; human herpesvirus 7	AAC40755.1
Middle_East_respiratory_syndrome-related_coronavirus_CF-AFS88944.1.1.20_10187_relaxed.pdb	Middle East respiratory syndrome-related coronavirus	AFS88944.1.1.20
coxsackievirus_A2_CF-AAQ02682.1.1.9_10568_relaxed.pdb	coxsackievirus A2	AAQ02682.1.1.9
monkeypox_virus_CF-AAL40584.1_12009_relaxed.pdb	monkeypox virus	AAL40584.1
cowpox_virus_CF-ADC53946.1_12020_relaxed.pdb	cowpox virus	ADC53946.1
monkeypox_virus_EF-AAL40624.1_12009_relaxed.pdb	monkeypox virus	AAL40624.1
influenza_B_virus_CF-AAA43748.1_9915_relaxed.pdb	influenza B virus	AAA43748.1
human_associated_cyclovirus_3_EF-ADD62455.1_5123_relaxed.pdb	human associated cyclovirus 3	ADD62455.1
rabies_virus_CF-AEM64024.1_96_relaxed.pdb	rabies virus	AEM64024.1
human_pegivirus_genotype_2_CF-AAA96964.1.1.4_7218_relaxed.pdb	human pegivirus genotype 2	AAA96964.1.1.4
BK_polyomavirus_CF-CAA24300.1_4431_relaxed.pdb	BK polyomavirus	CAA24300.1
rhinovirus_B3_CF-ABF51179.1.1.8_10713_relaxed.pdb	rhinovirus B3	ABF51179.1.1.8
monkeypox_virus_CF-AAL40617.1_12009_relaxed.pdb	monkeypox virus	AAL40617.1
human_adenovirus_3_CF-AFK92601.1_12204_relaxed.pdb	human adenovirus 3	AFK92601.1
Almpiwar_virus_CF-AHY85660.1.1.1_9027_relaxed.pdb	Almpiwar virus	AHY85660.1.1.1
human_adenovirus_4_CF-AFK92736.1_12207_relaxed.pdb	human adenovirus 4	AFK92736.1
